annotation_count,api_path,artist_names,full_title,header_image_thumbnail_url,header_image_url,id,lyrics_owner_id,lyrics_state,path,pyongs_count,relationships_index_url,release_date_components,release_date_for_display,release_date_with_abbreviated_month_for_display,song_art_image_thumbnail_url,song_art_image_url,stats,title,title_with_featured,url,featured_artists,primary_artist,stat_unreviewed_annotations,stat_hot,stat_pageviews,primary_artist_api_path,primary_artist_header_image_url,primary_artist_id,primary_artist_image_url,primary_artist_is_meme_verified,primary_artist_is_verified,primary_artist_name,primary_artist_url,primary_artist_iq,stat_concurrents
45,/songs/4388058,PNL,Au DD by PNL,https://images.genius.com/10afcc8eab11603dc89cad2961098baa.300x154x1.jpg,https://images.genius.com/10afcc8eab11603dc89cad2961098baa.801x410x1.jpg,4388058,3082514,complete,/Pnl-au-dd-lyrics,121.0,https://genius.com/Pnl-au-dd-sample,"{'year': 2019, 'month': 3, 'day': 22}","March 22, 2019","Mar. 22, 2019",https://images.genius.com/15e01c0c98335e5c088991eac704ebe9.300x300x1.jpg,https://images.genius.com/15e01c0c98335e5c088991eac704ebe9.1000x1000x1.jpg,"{'unreviewed_annotations': 2, 'hot': False, 'pageviews': 1319766}",Au DD,Au DD,https://genius.com/Pnl-au-dd-lyrics,[],"{'api_path': '/artists/335710', 'header_image_url': 'https://images.genius.com/e0b082e0bca9885108369e47143575a1.747x382x1.jpg', 'id': 335710, 'image_url': 'https://images.genius.com/da2956bb71902502215a8c8db8d0faf1.383x383x1.jpg', 'is_meme_verified': False, 'is_verified': False, 'name': 'PNL', 'url': 'https://genius.com/artists/Pnl'}",2,False,1319766.0,/artists/335710,https://images.genius.com/e0b082e0bca9885108369e47143575a1.747x382x1.jpg,335710,https://images.genius.com/da2956bb71902502215a8c8db8d0faf1.383x383x1.jpg,False,False,PNL,https://genius.com/artists/Pnl,,
41,/songs/2456383,PNL,DA by PNL,https://images.genius.com/b56d5f3dc975a97bd0b2680008c5674a.300x96x1.jpg,https://images.genius.com/b56d5f3dc975a97bd0b2680008c5674a.1000x319x1.jpg,2456383,292723,complete,/Pnl-da-lyrics,103.0,https://genius.com/Pnl-da-sample,"{'year': 2016, 'month': 4, 'day': 15}","April 15, 2016","Apr. 15, 2016",https://images.genius.com/9ce4218559f0bba27f108909f327a6a8.300x286x1.jpg,https://images.genius.com/9ce4218559f0bba27f108909f327a6a8.869x827x1.jpg,"{'unreviewed_annotations': 1, 'hot': False, 'pageviews': 1294886}",DA,DA,https://genius.com/Pnl-da-lyrics,[],"{'api_path': '/artists/335710', 'header_image_url': 'https://images.genius.com/e0b082e0bca9885108369e47143575a1.747x382x1.jpg', 'id': 335710, 'image_url': 'https://images.genius.com/da2956bb71902502215a8c8db8d0faf1.383x383x1.jpg', 'is_meme_verified': False, 'is_verified': False, 'name': 'PNL', 'url': 'https://genius.com/artists/Pnl'}",1,False,1294886.0,/artists/335710,https://images.genius.com/e0b082e0bca9885108369e47143575a1.747x382x1.jpg,335710,https://images.genius.com/da2956bb71902502215a8c8db8d0faf1.383x383x1.jpg,False,False,PNL,https://genius.com/artists/Pnl,,
54,/songs/2849098,PNL,Jusqu'au dernier gramme by PNL,https://images.genius.com/5898204e22b0eae912648957f6f2c83a.300x169x1.jpg,https://images.genius.com/5898204e22b0eae912648957f6f2c83a.1000x563x1.jpg,2849098,1105397,complete,/Pnl-jusquau-dernier-gramme-lyrics,36.0,https://genius.com/Pnl-jusquau-dernier-gramme-sample,"{'year': 2016, 'month': 9, 'day': 16}","September 16, 2016","Sep. 16, 2016",https://images.genius.com/ef4849be3da5fdb22ea9e656679be3a3.300x300x1.jpg,https://images.genius.com/ef4849be3da5fdb22ea9e656679be3a3.600x600x1.jpg,"{'unreviewed_annotations': 5, 'hot': False, 'pageviews': 1130436}",Jusqu’au dernier gramme,Jusqu'au dernier gramme,https://genius.com/Pnl-jusquau-dernier-gramme-lyrics,[],"{'api_path': '/artists/335710', 'header_image_url': 'https://images.genius.com/e0b082e0bca9885108369e47143575a1.747x382x1.jpg', 'id': 335710, 'image_url': 'https://images.genius.com/da2956bb71902502215a8c8db8d0faf1.383x383x1.jpg', 'is_meme_verified': False, 'is_verified': False, 'name': 'PNL', 'url': 'https://genius.com/artists/Pnl'}",5,False,1130436.0,/artists/335710,https://images.genius.com/e0b082e0bca9885108369e47143575a1.747x382x1.jpg,335710,https://images.genius.com/da2956bb71902502215a8c8db8d0faf1.383x383x1.jpg,False,False,PNL,https://genius.com/artists/Pnl,,
30,/songs/2109144,PNL,Le monde ou rien by PNL,https://images.genius.com/9b60ceff8e666ba178a60e7698ebabbe.300x140x1.png,https://images.genius.com/9b60ceff8e666ba178a60e7698ebabbe.599x279x1.png,2109144,292723,complete,/Pnl-le-monde-ou-rien-lyrics,50.0,https://genius.com/Pnl-le-monde-ou-rien-sample,"{'year': 2015, 'month': 6, 'day': 12}","June 12, 2015","Jun. 12, 2015",https://images.genius.com/9d00b19df75b94f3f4003744e850b705.220x220x1.jpg,https://images.genius.com/9d00b19df75b94f3f4003744e850b705.220x220x1.jpg,"{'unreviewed_annotations': 0, 'hot': False, 'pageviews': 1002293}",Le monde ou rien,Le monde ou rien,https://genius.com/Pnl-le-monde-ou-rien-lyrics,[],"{'api_path': '/artists/335710', 'header_image_url': 'https://images.genius.com/e0b082e0bca9885108369e47143575a1.747x382x1.jpg', 'id': 335710, 'image_url': 'https://images.genius.com/da2956bb71902502215a8c8db8d0faf1.383x383x1.jpg', 'is_meme_verified': False, 'is_verified': False, 'name': 'PNL', 'url': 'https://genius.com/artists/Pnl'}",0,False,1002293.0,/artists/335710,https://images.genius.com/e0b082e0bca9885108369e47143575a1.747x382x1.jpg,335710,https://images.genius.com/da2956bb71902502215a8c8db8d0faf1.383x383x1.jpg,False,False,PNL,https://genius.com/artists/Pnl,,
41,/songs/2834671,PNL,Naha by PNL,https://images.genius.com/cf9ef591769c4f9350521d3afdc8c9f7.300x121x1.png,https://images.genius.com/cf9ef591769c4f9350521d3afdc8c9f7.1000x402x1.png,2834671,182842,complete,/Pnl-naha-lyrics,56.0,https://genius.com/Pnl-naha-sample,"{'year': 2016, 'month': 9, 'day': 16}","September 16, 2016","Sep. 16, 2016",https://images.genius.com/4ccd7dbdcba262ef9e10b26f4f1f8a8e.300x300x1.jpg,https://images.genius.com/4ccd7dbdcba262ef9e10b26f4f1f8a8e.894x894x1.jpg,"{'unreviewed_annotations': 2, 'hot': False, 'pageviews': 976431}",Naha,Naha,https://genius.com/Pnl-naha-lyrics,[],"{'api_path': '/artists/335710', 'header_image_url': 'https://images.genius.com/e0b082e0bca9885108369e47143575a1.747x382x1.jpg', 'id': 335710, 'image_url': 'https://images.genius.com/da2956bb71902502215a8c8db8d0faf1.383x383x1.jpg', 'is_meme_verified': False, 'is_verified': False, 'name': 'PNL', 'url': 'https://genius.com/artists/Pnl'}",2,False,976431.0,/artists/335710,https://images.genius.com/e0b082e0bca9885108369e47143575a1.747x382x1.jpg,335710,https://images.genius.com/da2956bb71902502215a8c8db8d0faf1.383x383x1.jpg,False,False,PNL,https://genius.com/artists/Pnl,,
47,/songs/3797075,PNL,À l'ammoniaque by PNL,https://images.genius.com/f956c83ef8e30acf2a73d7279db8ee80.300x150x1.png,https://images.genius.com/f956c83ef8e30acf2a73d7279db8ee80.1000x500x1.png,3797075,3082514,complete,/Pnl-a-lammoniaque-lyrics,57.0,https://genius.com/Pnl-a-lammoniaque-sample,"{'year': 2018, 'month': 6, 'day': 22}","June 22, 2018","Jun. 22, 2018",https://images.genius.com/6dc2e56b3d290d06ec0b24799be2cc39.300x300x1.jpg,https://images.genius.com/6dc2e56b3d290d06ec0b24799be2cc39.500x500x1.jpg,"{'unreviewed_annotations': 2, 'hot': False, 'pageviews': 862845}",À l’ammoniaque,À l'ammoniaque,https://genius.com/Pnl-a-lammoniaque-lyrics,[],"{'api_path': '/artists/335710', 'header_image_url': 'https://images.genius.com/e0b082e0bca9885108369e47143575a1.747x382x1.jpg', 'id': 335710, 'image_url': 'https://images.genius.com/da2956bb71902502215a8c8db8d0faf1.383x383x1.jpg', 'is_meme_verified': False, 'is_verified': False, 'name': 'PNL', 'url': 'https://genius.com/artists/Pnl'}",2,False,862845.0,/artists/335710,https://images.genius.com/e0b082e0bca9885108369e47143575a1.747x382x1.jpg,335710,https://images.genius.com/da2956bb71902502215a8c8db8d0faf1.383x383x1.jpg,False,False,PNL,https://genius.com/artists/Pnl,,
30,/songs/2833790,PNL,Onizuka by PNL,https://images.genius.com/9c31be94b24348fdec2afd04ff187a4c.300x169x1.png,https://images.genius.com/9c31be94b24348fdec2afd04ff187a4c.855x483x1.png,2833790,182842,complete,/Pnl-onizuka-lyrics,37.0,https://genius.com/Pnl-onizuka-sample,"{'year': 2016, 'month': 9, 'day': 16}","September 16, 2016","Sep. 16, 2016",https://images.genius.com/d5571b8551a5f29e136478a06dbc2e60.300x300x1.jpg,https://images.genius.com/d5571b8551a5f29e136478a06dbc2e60.750x750x1.jpg,"{'unreviewed_annotations': 2, 'hot': False, 'pageviews': 830246}",Onizuka,Onizuka,https://genius.com/Pnl-onizuka-lyrics,[],"{'api_path': '/artists/335710', 'header_image_url': 'https://images.genius.com/e0b082e0bca9885108369e47143575a1.747x382x1.jpg', 'id': 335710, 'image_url': 'https://images.genius.com/da2956bb71902502215a8c8db8d0faf1.383x383x1.jpg', 'is_meme_verified': False, 'is_verified': False, 'name': 'PNL', 'url': 'https://genius.com/artists/Pnl'}",2,False,830246.0,/artists/335710,https://images.genius.com/e0b082e0bca9885108369e47143575a1.747x382x1.jpg,335710,https://images.genius.com/da2956bb71902502215a8c8db8d0faf1.383x383x1.jpg,False,False,PNL,https://genius.com/artists/Pnl,,
30,/songs/2835042,PNL,Bené by PNL,https://images.genius.com/ffb674caf1204c3f662afb3c16632f80.300x169x1.jpg,https://images.genius.com/ffb674caf1204c3f662afb3c16632f80.1000x563x1.jpg,2835042,142424,complete,/Pnl-bene-lyrics,21.0,https://genius.com/Pnl-bene-sample,"{'year': 2016, 'month': 9, 'day': 16}","September 16, 2016","Sep. 16, 2016",https://images.genius.com/4ccd7dbdcba262ef9e10b26f4f1f8a8e.300x300x1.jpg,https://images.genius.com/4ccd7dbdcba262ef9e10b26f4f1f8a8e.894x894x1.jpg,"{'unreviewed_annotations': 3, 'hot': False, 'pageviews': 721966}",Bené,Bené,https://genius.com/Pnl-bene-lyrics,[],"{'api_path': '/artists/335710', 'header_image_url': 'https://images.genius.com/e0b082e0bca9885108369e47143575a1.747x382x1.jpg', 'id': 335710, 'image_url': 'https://images.genius.com/da2956bb71902502215a8c8db8d0faf1.383x383x1.jpg', 'is_meme_verified': False, 'is_verified': False, 'name': 'PNL', 'url': 'https://genius.com/artists/Pnl'}",3,False,721966.0,/artists/335710,https://images.genius.com/e0b082e0bca9885108369e47143575a1.747x382x1.jpg,335710,https://images.genius.com/da2956bb71902502215a8c8db8d0faf1.383x383x1.jpg,False,False,PNL,https://genius.com/artists/Pnl,,
32,/songs/2332451,PNL,Oh Lala by PNL,https://images.genius.com/d60fe3c0e3eeb672eb407b73ae425069.300x300x1.jpg,https://images.genius.com/d60fe3c0e3eeb672eb407b73ae425069.1000x1000x1.jpg,2332451,67668,complete,/Pnl-oh-lala-lyrics,38.0,https://genius.com/Pnl-oh-lala-sample,"{'year': 2015, 'month': 10, 'day': 23}","October 23, 2015","Oct. 23, 2015",https://images.genius.com/d60fe3c0e3eeb672eb407b73ae425069.300x300x1.jpg,https://images.genius.com/d60fe3c0e3eeb672eb407b73ae425069.1000x1000x1.jpg,"{'unreviewed_annotations': 0, 'hot': False, 'pageviews': 679747}",Oh Lala,Oh Lala,https://genius.com/Pnl-oh-lala-lyrics,[],"{'api_path': '/artists/335710', 'header_image_url': 'https://images.genius.com/e0b082e0bca9885108369e47143575a1.747x382x1.jpg', 'id': 335710, 'image_url': 'https://images.genius.com/da2956bb71902502215a8c8db8d0faf1.383x383x1.jpg', 'is_meme_verified': False, 'is_verified': False, 'name': 'PNL', 'url': 'https://genius.com/artists/Pnl'}",0,False,679747.0,/artists/335710,https://images.genius.com/e0b082e0bca9885108369e47143575a1.747x382x1.jpg,335710,https://images.genius.com/da2956bb71902502215a8c8db8d0faf1.383x383x1.jpg,False,False,PNL,https://genius.com/artists/Pnl,,
27,/songs/2849100,PNL,Bambina by PNL,https://images.genius.com/ef4849be3da5fdb22ea9e656679be3a3.300x300x1.jpg,https://images.genius.com/ef4849be3da5fdb22ea9e656679be3a3.600x600x1.jpg,2849100,169443,complete,/Pnl-bambina-lyrics,13.0,https://genius.com/Pnl-bambina-sample,"{'year': 2016, 'month': 9, 'day': 16}","September 16, 2016","Sep. 16, 2016",https://images.genius.com/ef4849be3da5fdb22ea9e656679be3a3.300x300x1.jpg,https://images.genius.com/ef4849be3da5fdb22ea9e656679be3a3.600x600x1.jpg,"{'unreviewed_annotations': 3, 'hot': False, 'pageviews': 617180}",Bambina,Bambina,https://genius.com/Pnl-bambina-lyrics,[],"{'api_path': '/artists/335710', 'header_image_url': 'https://images.genius.com/e0b082e0bca9885108369e47143575a1.747x382x1.jpg', 'id': 335710, 'image_url': 'https://images.genius.com/da2956bb71902502215a8c8db8d0faf1.383x383x1.jpg', 'is_meme_verified': False, 'is_verified': False, 'name': 'PNL', 'url': 'https://genius.com/artists/Pnl'}",3,False,617180.0,/artists/335710,https://images.genius.com/e0b082e0bca9885108369e47143575a1.747x382x1.jpg,335710,https://images.genius.com/da2956bb71902502215a8c8db8d0faf1.383x383x1.jpg,False,False,PNL,https://genius.com/artists/Pnl,,
7,/songs/29755,Mac Lethal,Calm Down Baby by Mac Lethal,https://images.genius.com/fe7b2d9af535866969cc7963ac422da8.300x300x1.jpg,https://images.genius.com/fe7b2d9af535866969cc7963ac422da8.900x900x1.jpg,29755,50,complete,/Mac-lethal-calm-down-baby-lyrics,,https://genius.com/Mac-lethal-calm-down-baby-sample,"{'year': 2008, 'month': 4, 'day': 8}","April 8, 2008","Apr. 8, 2008",https://images.genius.com/fe7b2d9af535866969cc7963ac422da8.300x300x1.jpg,https://images.genius.com/fe7b2d9af535866969cc7963ac422da8.900x900x1.jpg,"{'unreviewed_annotations': 2, 'hot': False, 'pageviews': 11514}",Calm Down Baby,Calm Down Baby,https://genius.com/Mac-lethal-calm-down-baby-lyrics,[],"{'api_path': '/artists/1271', 'header_image_url': 'https://images.genius.com/826c5df8eea3fb88d213c3fb10f319a8.1000x750x1.jpg', 'id': 1271, 'image_url': 'https://images.genius.com/826c5df8eea3fb88d213c3fb10f319a8.1000x750x1.jpg', 'is_meme_verified': False, 'is_verified': True, 'name': 'Mac Lethal', 'url': 'https://genius.com/artists/Mac-lethal', 'iq': 1346}",2,False,11514.0,/artists/1271,https://images.genius.com/826c5df8eea3fb88d213c3fb10f319a8.1000x750x1.jpg,1271,https://images.genius.com/826c5df8eea3fb88d213c3fb10f319a8.1000x750x1.jpg,False,True,Mac Lethal,https://genius.com/artists/Mac-lethal,1346.0,
5,/songs/570669,Limp Bizkit,Head for the Barricade by Limp Bizkit,https://images.rapgenius.com/073dbc4e713de6027fecb9f4e3b60349.300x300x1.jpg,https://images.rapgenius.com/073dbc4e713de6027fecb9f4e3b60349.953x953x1.jpg,570669,1271640,complete,/Limp-bizkit-head-for-the-barricade-lyrics,3.0,https://genius.com/Limp-bizkit-head-for-the-barricade-sample,"{'year': 2003, 'month': 9, 'day': 23}","September 23, 2003","Sep. 23, 2003",https://images.rapgenius.com/073dbc4e713de6027fecb9f4e3b60349.300x300x1.jpg,https://images.rapgenius.com/073dbc4e713de6027fecb9f4e3b60349.953x953x1.jpg,"{'unreviewed_annotations': 5, 'hot': False}",Head for the Barricade,Head for the Barricade,https://genius.com/Limp-bizkit-head-for-the-barricade-lyrics,[],"{'api_path': '/artists/8346', 'header_image_url': 'https://images.genius.com/56fc327e9389d4943f74b622b972ef2d.1000x185x1.jpg', 'id': 8346, 'image_url': 'https://images.genius.com/1cb56e2b31ddf5c19628c818428ea2ea.1000x1000x1.jpg', 'is_meme_verified': False, 'is_verified': False, 'name': 'Limp Bizkit', 'url': 'https://genius.com/artists/Limp-bizkit'}",5,False,,/artists/8346,https://images.genius.com/56fc327e9389d4943f74b622b972ef2d.1000x185x1.jpg,8346,https://images.genius.com/1cb56e2b31ddf5c19628c818428ea2ea.1000x1000x1.jpg,False,False,Limp Bizkit,https://genius.com/artists/Limp-bizkit,,
1,/songs/7912,Tha Alkaholiks,Drink Wit Us by Tha Alkaholiks,https://images.genius.com/f24f9c0bb5ac99869524726ca3e3f331.300x298x1.jpg,https://images.genius.com/f24f9c0bb5ac99869524726ca3e3f331.958x953x1.jpg,7912,50,complete,/Tha-alkaholiks-drink-wit-us-lyrics,,https://genius.com/Tha-alkaholiks-drink-wit-us-sample,"{'year': 2006, 'month': 1, 'day': 24}","January 24, 2006","Jan. 24, 2006",https://images.genius.com/f24f9c0bb5ac99869524726ca3e3f331.300x298x1.jpg,https://images.genius.com/f24f9c0bb5ac99869524726ca3e3f331.958x953x1.jpg,"{'unreviewed_annotations': 0, 'hot': False}",Drink Wit Us,Drink Wit Us,https://genius.com/Tha-alkaholiks-drink-wit-us-lyrics,[],"{'api_path': '/artists/3070', 'header_image_url': 'https://s3.amazonaws.com/rapgenius/Tha%20Alkaholiks%20liks.jpg', 'id': 3070, 'image_url': 'https://s3.amazonaws.com/rapgenius/Tha%20Alkaholiks%20liks.jpg', 'is_meme_verified': False, 'is_verified': False, 'name': 'Tha Alkaholiks', 'url': 'https://genius.com/artists/Tha-alkaholiks'}",0,False,,/artists/3070,https://s3.amazonaws.com/rapgenius/Tha%20Alkaholiks%20liks.jpg,3070,https://s3.amazonaws.com/rapgenius/Tha%20Alkaholiks%20liks.jpg,False,False,Tha Alkaholiks,https://genius.com/artists/Tha-alkaholiks,,
1,/songs/5976510,"Super Famous Fun Time Guys (Ft. Dubbs (Rapper), McNastee & Shakelous)","L.I.F.E. by Super Famous Fun Time Guys (Ft. Dubbs (Rapper), McNastee & Shakelous)",https://images.genius.com/e3616927b97067e4865bfbe1df24b772.300x300x1.png,https://images.genius.com/e3616927b97067e4865bfbe1df24b772.640x640x1.png,5976510,420587,complete,/Super-famous-fun-time-guys-life-lyrics,,https://genius.com/Super-famous-fun-time-guys-life-sample,"{'year': 2018, 'month': 5, 'day': 26}","May 26, 2018","May. 26, 2018",https://images.genius.com/e3616927b97067e4865bfbe1df24b772.300x300x1.png,https://images.genius.com/e3616927b97067e4865bfbe1df24b772.640x640x1.png,"{'unreviewed_annotations': 0, 'hot': False}",L.I.F.E.,"L.I.F.E. (Ft. Dubbs (Rapper), McNastee & Shakelous)",https://genius.com/Super-famous-fun-time-guys-life-lyrics,"[{'api_path': '/artists/1963101', 'header_image_url': 'https://images.genius.com/66e6745e00fb39321f6d7d6b6db2a369.600x600x1.jpg', 'id': 1963101, 'image_url': 'https://images.genius.com/66e6745e00fb39321f6d7d6b6db2a369.600x600x1.jpg', 'is_meme_verified': False, 'is_verified': False, 'name': 'Dubbs (Rapper)', 'url': 'https://genius.com/artists/Dubbs-rapper'}, {'api_path': '/artists/6673', 'header_image_url': 'https://images.genius.com/765d0e4798a2c702e475c876900bdf08.422x422x1.jpg', 'id': 6673, 'image_url': 'https://images.genius.com/765d0e4798a2c702e475c876900bdf08.422x422x1.jpg', 'is_meme_verified': False, 'is_verified': False, 'name': 'McNastee', 'url': 'https://genius.com/artists/Mcnastee'}, {'api_path': '/artists/31513', 'header_image_url': 'https://assets.genius.com/images/default_avatar_300.png?1707847067', 'id': 31513, 'image_url': 'https://assets.genius.com/images/default_avatar_300.png?1707847067', 'is_meme_verified': False, 'is_verified': False, 'name': 'Shakelous', 'url': 'https://genius.com/artists/Shakelous'}]","{'api_path': '/artists/2402380', 'header_image_url': 'https://images.genius.com/ae648ccf485fcaeabaabbc161f5a0e68.1000x602x1.jpg', 'id': 2402380, 'image_url': 'https://images.genius.com/5e367357398e0a160f2bd1db506171e4.900x900x1.jpg', 'is_meme_verified': False, 'is_verified': False, 'name': 'Super Famous Fun Time Guys', 'url': 'https://genius.com/artists/Super-famous-fun-time-guys'}",0,False,,/artists/2402380,https://images.genius.com/ae648ccf485fcaeabaabbc161f5a0e68.1000x602x1.jpg,2402380,https://images.genius.com/5e367357398e0a160f2bd1db506171e4.900x900x1.jpg,False,False,Super Famous Fun Time Guys,https://genius.com/artists/Super-famous-fun-time-guys,,
0,/songs/376662,Dan Bull,Rocksmith by Dan Bull,https://images.genius.com/97a52b99494d79d6b0e325c75cf345f7.300x300x1.png,https://images.genius.com/97a52b99494d79d6b0e325c75cf345f7.1000x1000x1.png,376662,231340,complete,/Dan-bull-rocksmith-lyrics,,https://genius.com/Dan-bull-rocksmith-sample,"{'year': 2014, 'month': 2, 'day': 18}","February 18, 2014","Feb. 18, 2014",https://images.genius.com/97a52b99494d79d6b0e325c75cf345f7.300x300x1.png,https://images.genius.com/97a52b99494d79d6b0e325c75cf345f7.1000x1000x1.png,"{'unreviewed_annotations': 0, 'hot': False}",Rocksmith,Rocksmith,https://genius.com/Dan-bull-rocksmith-lyrics,[],"{'api_path': '/artists/19004', 'header_image_url': 'https://images.genius.com/47edb161259d465be48d26084c908aaf.1000x166x1.jpg', 'id': 19004, 'image_url': 'https://images.genius.com/31d292c82b0bd3742f39fc65fe0c1bf7.500x500x1.jpg', 'is_meme_verified': False, 'is_verified': True, 'name': 'Dan Bull', 'url': 'https://genius.com/artists/Dan-bull', 'iq': 836}",0,False,,/artists/19004,https://images.genius.com/47edb161259d465be48d26084c908aaf.1000x166x1.jpg,19004,https://images.genius.com/31d292c82b0bd3742f39fc65fe0c1bf7.500x500x1.jpg,False,True,Dan Bull,https://genius.com/artists/Dan-bull,836.0,
2,/songs/9429246,Fijimacintosh,RADIO HEAD by Fijimacintosh,https://images.genius.com/83bdf5f8972095da9117be56619750af.300x300x1.jpg,https://images.genius.com/83bdf5f8972095da9117be56619750af.1000x1000x1.jpg,9429246,19437515,complete,/Fijimacintosh-radio-head-lyrics,,https://genius.com/Fijimacintosh-radio-head-sample,"{'year': 2023, 'month': 8, 'day': 25}","August 25, 2023","Aug. 25, 2023",https://images.genius.com/83bdf5f8972095da9117be56619750af.300x300x1.jpg,https://images.genius.com/83bdf5f8972095da9117be56619750af.1000x1000x1.jpg,"{'unreviewed_annotations': 1, 'hot': False}",RADIO HEAD,RADIO HEAD,https://genius.com/Fijimacintosh-radio-head-lyrics,[],"{'api_path': '/artists/1165719', 'header_image_url': 'https://images.genius.com/7cf39b40e7532585c99f1b1d3a40d8dc.1000x667x1.jpg', 'id': 1165719, 'image_url': 'https://images.genius.com/c2b284415f7cfc788bcfea1f7ac9116f.1000x1000x1.jpg', 'is_meme_verified': False, 'is_verified': True, 'name': 'Fijimacintosh', 'url': 'https://genius.com/artists/Fijimacintosh', 'iq': 150}",1,False,,/artists/1165719,https://images.genius.com/7cf39b40e7532585c99f1b1d3a40d8dc.1000x667x1.jpg,1165719,https://images.genius.com/c2b284415f7cfc788bcfea1f7ac9116f.1000x1000x1.jpg,False,True,Fijimacintosh,https://genius.com/artists/Fijimacintosh,150.0,
0,/songs/4086579,The Seasons,Junk by The Seasons,https://images.genius.com/164ffef88f29da19f721b8791fbbd316.300x300x1.jpg,https://images.genius.com/164ffef88f29da19f721b8791fbbd316.700x700x1.jpg,4086579,6881894,complete,/The-seasons-junk-lyrics,,https://genius.com/The-seasons-junk-sample,"{'year': 2018, 'month': 11, 'day': 16}","November 16, 2018","Nov. 16, 2018",https://images.genius.com/164ffef88f29da19f721b8791fbbd316.300x300x1.jpg,https://images.genius.com/164ffef88f29da19f721b8791fbbd316.700x700x1.jpg,"{'unreviewed_annotations': 0, 'hot': False}",Junk,Junk,https://genius.com/The-seasons-junk-lyrics,[],"{'api_path': '/artists/483573', 'header_image_url': 'https://images.genius.com/c958371a0ad3c18d7fd4789e3adda4f1.1000x1000x1.jpg', 'id': 483573, 'image_url': 'https://images.genius.com/c958371a0ad3c18d7fd4789e3adda4f1.1000x1000x1.jpg', 'is_meme_verified': False, 'is_verified': False, 'name': 'The Seasons', 'url': 'https://genius.com/artists/The-seasons'}",0,False,,/artists/483573,https://images.genius.com/c958371a0ad3c18d7fd4789e3adda4f1.1000x1000x1.jpg,483573,https://images.genius.com/c958371a0ad3c18d7fd4789e3adda4f1.1000x1000x1.jpg,False,False,The Seasons,https://genius.com/artists/The-seasons,,
6,/songs/1216842,Limp Bizkit,Doin' Time On Tha Rockline by Limp Bizkit,https://images.genius.com/1cb56e2b31ddf5c19628c818428ea2ea.300x300x1.jpg,https://images.genius.com/1cb56e2b31ddf5c19628c818428ea2ea.1000x1000x1.jpg,1216842,2677903,complete,/Limp-bizkit-doin-time-on-tha-rockline-lyrics,,https://genius.com/Limp-bizkit-doin-time-on-tha-rockline-sample,,,,https://images.genius.com/1cb56e2b31ddf5c19628c818428ea2ea.300x300x1.jpg,https://images.genius.com/1cb56e2b31ddf5c19628c818428ea2ea.1000x1000x1.jpg,"{'unreviewed_annotations': 6, 'hot': False}",Doin’ Time On Tha Rockline,Doin' Time On Tha Rockline,https://genius.com/Limp-bizkit-doin-time-on-tha-rockline-lyrics,[],"{'api_path': '/artists/8346', 'header_image_url': 'https://images.genius.com/56fc327e9389d4943f74b622b972ef2d.1000x185x1.jpg', 'id': 8346, 'image_url': 'https://images.genius.com/1cb56e2b31ddf5c19628c818428ea2ea.1000x1000x1.jpg', 'is_meme_verified': False, 'is_verified': False, 'name': 'Limp Bizkit', 'url': 'https://genius.com/artists/Limp-bizkit'}",6,False,,/artists/8346,https://images.genius.com/56fc327e9389d4943f74b622b972ef2d.1000x185x1.jpg,8346,https://images.genius.com/1cb56e2b31ddf5c19628c818428ea2ea.1000x1000x1.jpg,False,False,Limp Bizkit,https://genius.com/artists/Limp-bizkit,,
14,/songs/2282000,Rocky Rhodes,Masquerade by Rocky Rhodes,https://images.rapgenius.com/4ec859dd30e89a7f0a7de4ad4e248128.300x300x1.jpg,https://images.rapgenius.com/4ec859dd30e89a7f0a7de4ad4e248128.1000x1000x1.jpg,2282000,296435,complete,/Rocky-rhodes-masquerade-lyrics,,https://genius.com/Rocky-rhodes-masquerade-sample,"{'year': 2015, 'month': 4, 'day': 15}","April 15, 2015","Apr. 15, 2015",https://images.rapgenius.com/4ec859dd30e89a7f0a7de4ad4e248128.300x300x1.jpg,https://images.rapgenius.com/4ec859dd30e89a7f0a7de4ad4e248128.1000x1000x1.jpg,"{'unreviewed_annotations': 0, 'hot': False}",Masquerade,Masquerade,https://genius.com/Rocky-rhodes-masquerade-lyrics,[],"{'api_path': '/artists/75915', 'header_image_url': 'https://images.genius.com/a06d47b025d82e873aa593d11037a864.720x234x1.jpg', 'id': 75915, 'image_url': 'https://images.genius.com/682fd270d1bc01f828468f2d0f8e0be2.810x810x1.jpg', 'is_meme_verified': False, 'is_verified': False, 'name': 'Rocky Rhodes', 'url': 'https://genius.com/artists/Rocky-rhodes', 'iq': 1157}",0,False,,/artists/75915,https://images.genius.com/a06d47b025d82e873aa593d11037a864.720x234x1.jpg,75915,https://images.genius.com/682fd270d1bc01f828468f2d0f8e0be2.810x810x1.jpg,False,False,Rocky Rhodes,https://genius.com/artists/Rocky-rhodes,1157.0,
3,/songs/2076900,Radical Something,Acid Rain by Radical Something,https://s3.amazonaws.com/rapgenius/Radical%20Something%20Be%20Easy.jpg,https://s3.amazonaws.com/rapgenius/Radical%20Something%20Be%20Easy.jpg,2076900,1549345,complete,/Radical-something-acid-rain-lyrics,,https://genius.com/Radical-something-acid-rain-sample,,,,https://s3.amazonaws.com/rapgenius/Radical%20Something%20Be%20Easy.jpg,https://s3.amazonaws.com/rapgenius/Radical%20Something%20Be%20Easy.jpg,"{'unreviewed_annotations': 3, 'hot': False}",Acid Rain,Acid Rain,https://genius.com/Radical-something-acid-rain-lyrics,[],"{'api_path': '/artists/12192', 'header_image_url': 'https://s3.amazonaws.com/rapgenius/Radical%20Something%20Be%20Easy.jpg', 'id': 12192, 'image_url': 'https://s3.amazonaws.com/rapgenius/Radical%20Something%20Be%20Easy.jpg', 'is_meme_verified': False, 'is_verified': False, 'name': 'Radical Something', 'url': 'https://genius.com/artists/Radical-something', 'iq': 100}",3,False,,/artists/12192,https://s3.amazonaws.com/rapgenius/Radical%20Something%20Be%20Easy.jpg,12192,https://s3.amazonaws.com/rapgenius/Radical%20Something%20Be%20Easy.jpg,False,False,Radical Something,https://genius.com/artists/Radical-something,100.0,
13,/songs/53173,Nine Inch Nails,Hurt by Nine Inch Nails,https://images.genius.com/b498032667556bf162a434519a1c6e28.300x300x1.png,https://images.genius.com/b498032667556bf162a434519a1c6e28.1000x1000x1.png,53173,7,complete,/Nine-inch-nails-hurt-lyrics,66.0,https://genius.com/Nine-inch-nails-hurt-sample,"{'year': 1994, 'month': 3, 'day': 8}","March 8, 1994","Mar. 8, 1994",https://images.genius.com/b498032667556bf162a434519a1c6e28.300x300x1.png,https://images.genius.com/b498032667556bf162a434519a1c6e28.1000x1000x1.png,"{'unreviewed_annotations': 0, 'hot': False, 'pageviews': 495134}",Hurt,Hurt,https://genius.com/Nine-inch-nails-hurt-lyrics,[],"{'api_path': '/artists/12757', 'header_image_url': 'https://images.genius.com/ed15f259e492aee3da23dcc94c6d0675.876x337x1.jpg', 'id': 12757, 'image_url': 'https://images.genius.com/6fc1aeeff6601cf0f247180a57d10e49.1000x1000x1.png', 'is_meme_verified': False, 'is_verified': False, 'name': 'Nine Inch Nails', 'url': 'https://genius.com/artists/Nine-inch-nails'}",0,False,495134.0,/artists/12757,https://images.genius.com/ed15f259e492aee3da23dcc94c6d0675.876x337x1.jpg,12757,https://images.genius.com/6fc1aeeff6601cf0f247180a57d10e49.1000x1000x1.png,False,False,Nine Inch Nails,https://genius.com/artists/Nine-inch-nails,,
9,/songs/53156,Nine Inch Nails,Closer by Nine Inch Nails,https://images.genius.com/b498032667556bf162a434519a1c6e28.300x300x1.png,https://images.genius.com/b498032667556bf162a434519a1c6e28.1000x1000x1.png,53156,7,complete,/Nine-inch-nails-closer-lyrics,61.0,https://genius.com/Nine-inch-nails-closer-sample,"{'year': 1994, 'month': 5, 'day': 30}","May 30, 1994","May. 30, 1994",https://images.genius.com/5f468e7d8ab3ae73d764b5c08bc542d3.300x300x1.png,https://images.genius.com/5f468e7d8ab3ae73d764b5c08bc542d3.1000x1000x1.png,"{'unreviewed_annotations': 2, 'concurrents': 2, 'hot': False, 'pageviews': 444115}",Closer,Closer,https://genius.com/Nine-inch-nails-closer-lyrics,[],"{'api_path': '/artists/12757', 'header_image_url': 'https://images.genius.com/ed15f259e492aee3da23dcc94c6d0675.876x337x1.jpg', 'id': 12757, 'image_url': 'https://images.genius.com/6fc1aeeff6601cf0f247180a57d10e49.1000x1000x1.png', 'is_meme_verified': False, 'is_verified': False, 'name': 'Nine Inch Nails', 'url': 'https://genius.com/artists/Nine-inch-nails'}",2,False,444115.0,/artists/12757,https://images.genius.com/ed15f259e492aee3da23dcc94c6d0675.876x337x1.jpg,12757,https://images.genius.com/6fc1aeeff6601cf0f247180a57d10e49.1000x1000x1.png,False,False,Nine Inch Nails,https://genius.com/artists/Nine-inch-nails,,2.0
8,/songs/200131,Nine Inch Nails,Head Like a Hole by Nine Inch Nails,https://images.genius.com/8b0a99d34dc550aa675a46e351d48224.300x300x1.jpg,https://images.genius.com/8b0a99d34dc550aa675a46e351d48224.1000x1000x1.jpg,200131,554585,complete,/Nine-inch-nails-head-like-a-hole-lyrics,14.0,https://genius.com/Nine-inch-nails-head-like-a-hole-sample,"{'year': 1990, 'month': 3, 'day': 22}","March 22, 1990","Mar. 22, 1990",https://images.genius.com/ec557fa016b53ef0fbd4840ae8720a85.300x300x1.jpg,https://images.genius.com/ec557fa016b53ef0fbd4840ae8720a85.1000x1000x1.jpg,"{'unreviewed_annotations': 0, 'hot': False, 'pageviews': 137033}",Head Like a Hole,Head Like a Hole,https://genius.com/Nine-inch-nails-head-like-a-hole-lyrics,[],"{'api_path': '/artists/12757', 'header_image_url': 'https://images.genius.com/ed15f259e492aee3da23dcc94c6d0675.876x337x1.jpg', 'id': 12757, 'image_url': 'https://images.genius.com/6fc1aeeff6601cf0f247180a57d10e49.1000x1000x1.png', 'is_meme_verified': False, 'is_verified': False, 'name': 'Nine Inch Nails', 'url': 'https://genius.com/artists/Nine-inch-nails'}",0,False,137033.0,/artists/12757,https://images.genius.com/ed15f259e492aee3da23dcc94c6d0675.876x337x1.jpg,12757,https://images.genius.com/6fc1aeeff6601cf0f247180a57d10e49.1000x1000x1.png,False,False,Nine Inch Nails,https://genius.com/artists/Nine-inch-nails,,
13,/songs/124304,Nine Inch Nails,Reptile by Nine Inch Nails,https://images.genius.com/b498032667556bf162a434519a1c6e28.300x300x1.png,https://images.genius.com/b498032667556bf162a434519a1c6e28.1000x1000x1.png,124304,190708,complete,/Nine-inch-nails-reptile-lyrics,18.0,https://genius.com/Nine-inch-nails-reptile-sample,"{'year': 1994, 'month': 3, 'day': 8}","March 8, 1994","Mar. 8, 1994",https://images.genius.com/b498032667556bf162a434519a1c6e28.300x300x1.png,https://images.genius.com/b498032667556bf162a434519a1c6e28.1000x1000x1.png,"{'unreviewed_annotations': 1, 'hot': False, 'pageviews': 109328}",Reptile,Reptile,https://genius.com/Nine-inch-nails-reptile-lyrics,[],"{'api_path': '/artists/12757', 'header_image_url': 'https://images.genius.com/ed15f259e492aee3da23dcc94c6d0675.876x337x1.jpg', 'id': 12757, 'image_url': 'https://images.genius.com/6fc1aeeff6601cf0f247180a57d10e49.1000x1000x1.png', 'is_meme_verified': False, 'is_verified': False, 'name': 'Nine Inch Nails', 'url': 'https://genius.com/artists/Nine-inch-nails'}",1,False,109328.0,/artists/12757,https://images.genius.com/ed15f259e492aee3da23dcc94c6d0675.876x337x1.jpg,12757,https://images.genius.com/6fc1aeeff6601cf0f247180a57d10e49.1000x1000x1.png,False,False,Nine Inch Nails,https://genius.com/artists/Nine-inch-nails,,
16,/songs/136321,Nine Inch Nails,Mr. Self Destruct by Nine Inch Nails,https://images.genius.com/b498032667556bf162a434519a1c6e28.300x300x1.png,https://images.genius.com/b498032667556bf162a434519a1c6e28.1000x1000x1.png,136321,165486,complete,/Nine-inch-nails-mr-self-destruct-lyrics,20.0,https://genius.com/Nine-inch-nails-mr-self-destruct-sample,"{'year': 1994, 'month': 3, 'day': 8}","March 8, 1994","Mar. 8, 1994",https://images.genius.com/b498032667556bf162a434519a1c6e28.300x300x1.png,https://images.genius.com/b498032667556bf162a434519a1c6e28.1000x1000x1.png,"{'unreviewed_annotations': 1, 'hot': False, 'pageviews': 103777}",Mr. Self Destruct,Mr. Self Destruct,https://genius.com/Nine-inch-nails-mr-self-destruct-lyrics,[],"{'api_path': '/artists/12757', 'header_image_url': 'https://images.genius.com/ed15f259e492aee3da23dcc94c6d0675.876x337x1.jpg', 'id': 12757, 'image_url': 'https://images.genius.com/6fc1aeeff6601cf0f247180a57d10e49.1000x1000x1.png', 'is_meme_verified': False, 'is_verified': False, 'name': 'Nine Inch Nails', 'url': 'https://genius.com/artists/Nine-inch-nails'}",1,False,103777.0,/artists/12757,https://images.genius.com/ed15f259e492aee3da23dcc94c6d0675.876x337x1.jpg,12757,https://images.genius.com/6fc1aeeff6601cf0f247180a57d10e49.1000x1000x1.png,False,False,Nine Inch Nails,https://genius.com/artists/Nine-inch-nails,,
10,/songs/143415,Nine Inch Nails,The Downward Spiral by Nine Inch Nails,https://images.genius.com/b498032667556bf162a434519a1c6e28.300x300x1.png,https://images.genius.com/b498032667556bf162a434519a1c6e28.1000x1000x1.png,143415,165486,complete,/Nine-inch-nails-the-downward-spiral-lyrics,17.0,https://genius.com/Nine-inch-nails-the-downward-spiral-sample,"{'year': 1994, 'month': 3, 'day': 8}","March 8, 1994","Mar. 8, 1994",https://images.genius.com/b498032667556bf162a434519a1c6e28.300x300x1.png,https://images.genius.com/b498032667556bf162a434519a1c6e28.1000x1000x1.png,"{'unreviewed_annotations': 0, 'hot': False, 'pageviews': 103219}",The Downward Spiral,The Downward Spiral,https://genius.com/Nine-inch-nails-the-downward-spiral-lyrics,[],"{'api_path': '/artists/12757', 'header_image_url': 'https://images.genius.com/ed15f259e492aee3da23dcc94c6d0675.876x337x1.jpg', 'id': 12757, 'image_url': 'https://images.genius.com/6fc1aeeff6601cf0f247180a57d10e49.1000x1000x1.png', 'is_meme_verified': False, 'is_verified': False, 'name': 'Nine Inch Nails', 'url': 'https://genius.com/artists/Nine-inch-nails'}",0,False,103219.0,/artists/12757,https://images.genius.com/ed15f259e492aee3da23dcc94c6d0675.876x337x1.jpg,12757,https://images.genius.com/6fc1aeeff6601cf0f247180a57d10e49.1000x1000x1.png,False,False,Nine Inch Nails,https://genius.com/artists/Nine-inch-nails,,
20,/songs/136328,Nine Inch Nails,March of the Pigs by Nine Inch Nails,https://images.genius.com/b498032667556bf162a434519a1c6e28.300x300x1.png,https://images.genius.com/b498032667556bf162a434519a1c6e28.1000x1000x1.png,136328,165486,complete,/Nine-inch-nails-march-of-the-pigs-lyrics,14.0,https://genius.com/Nine-inch-nails-march-of-the-pigs-sample,"{'year': 1994, 'month': 2, 'day': 25}","February 25, 1994","Feb. 25, 1994",https://images.genius.com/defbb1e0475adc4d7c4f22cfec2303b0.300x300x1.png,https://images.genius.com/defbb1e0475adc4d7c4f22cfec2303b0.1000x1000x1.png,"{'unreviewed_annotations': 0, 'hot': False, 'pageviews': 87388}",March of the Pigs,March of the Pigs,https://genius.com/Nine-inch-nails-march-of-the-pigs-lyrics,[],"{'api_path': '/artists/12757', 'header_image_url': 'https://images.genius.com/ed15f259e492aee3da23dcc94c6d0675.876x337x1.jpg', 'id': 12757, 'image_url': 'https://images.genius.com/6fc1aeeff6601cf0f247180a57d10e49.1000x1000x1.png', 'is_meme_verified': False, 'is_verified': False, 'name': 'Nine Inch Nails', 'url': 'https://genius.com/artists/Nine-inch-nails'}",0,False,87388.0,/artists/12757,https://images.genius.com/ed15f259e492aee3da23dcc94c6d0675.876x337x1.jpg,12757,https://images.genius.com/6fc1aeeff6601cf0f247180a57d10e49.1000x1000x1.png,False,False,Nine Inch Nails,https://genius.com/artists/Nine-inch-nails,,
6,/songs/136323,Nine Inch Nails,Piggy by Nine Inch Nails,https://images.genius.com/b498032667556bf162a434519a1c6e28.300x300x1.png,https://images.genius.com/b498032667556bf162a434519a1c6e28.1000x1000x1.png,136323,165486,complete,/Nine-inch-nails-piggy-lyrics,14.0,https://genius.com/Nine-inch-nails-piggy-sample,"{'year': 1994, 'month': 3, 'day': 8}","March 8, 1994","Mar. 8, 1994",https://images.genius.com/b498032667556bf162a434519a1c6e28.300x300x1.png,https://images.genius.com/b498032667556bf162a434519a1c6e28.1000x1000x1.png,"{'unreviewed_annotations': 2, 'hot': False, 'pageviews': 84731}",Piggy,Piggy,https://genius.com/Nine-inch-nails-piggy-lyrics,[],"{'api_path': '/artists/12757', 'header_image_url': 'https://images.genius.com/ed15f259e492aee3da23dcc94c6d0675.876x337x1.jpg', 'id': 12757, 'image_url': 'https://images.genius.com/6fc1aeeff6601cf0f247180a57d10e49.1000x1000x1.png', 'is_meme_verified': False, 'is_verified': False, 'name': 'Nine Inch Nails', 'url': 'https://genius.com/artists/Nine-inch-nails'}",2,False,84731.0,/artists/12757,https://images.genius.com/ed15f259e492aee3da23dcc94c6d0675.876x337x1.jpg,12757,https://images.genius.com/6fc1aeeff6601cf0f247180a57d10e49.1000x1000x1.png,False,False,Nine Inch Nails,https://genius.com/artists/Nine-inch-nails,,
18,/songs/139600,Nine Inch Nails,Ruiner by Nine Inch Nails,https://images.genius.com/b498032667556bf162a434519a1c6e28.300x300x1.png,https://images.genius.com/b498032667556bf162a434519a1c6e28.1000x1000x1.png,139600,165486,complete,/Nine-inch-nails-ruiner-lyrics,16.0,https://genius.com/Nine-inch-nails-ruiner-sample,"{'year': 1994, 'month': 3, 'day': 8}","March 8, 1994","Mar. 8, 1994",https://images.genius.com/b498032667556bf162a434519a1c6e28.300x300x1.png,https://images.genius.com/b498032667556bf162a434519a1c6e28.1000x1000x1.png,"{'unreviewed_annotations': 6, 'hot': False, 'pageviews': 83537}",Ruiner,Ruiner,https://genius.com/Nine-inch-nails-ruiner-lyrics,[],"{'api_path': '/artists/12757', 'header_image_url': 'https://images.genius.com/ed15f259e492aee3da23dcc94c6d0675.876x337x1.jpg', 'id': 12757, 'image_url': 'https://images.genius.com/6fc1aeeff6601cf0f247180a57d10e49.1000x1000x1.png', 'is_meme_verified': False, 'is_verified': False, 'name': 'Nine Inch Nails', 'url': 'https://genius.com/artists/Nine-inch-nails'}",6,False,83537.0,/artists/12757,https://images.genius.com/ed15f259e492aee3da23dcc94c6d0675.876x337x1.jpg,12757,https://images.genius.com/6fc1aeeff6601cf0f247180a57d10e49.1000x1000x1.png,False,False,Nine Inch Nails,https://genius.com/artists/Nine-inch-nails,,
7,/songs/136326,Nine Inch Nails,Heresy by Nine Inch Nails,https://images.genius.com/b498032667556bf162a434519a1c6e28.300x300x1.png,https://images.genius.com/b498032667556bf162a434519a1c6e28.1000x1000x1.png,136326,165486,complete,/Nine-inch-nails-heresy-lyrics,10.0,https://genius.com/Nine-inch-nails-heresy-sample,"{'year': 1994, 'month': 3, 'day': 8}","March 8, 1994","Mar. 8, 1994",https://images.genius.com/b498032667556bf162a434519a1c6e28.300x300x1.png,https://images.genius.com/b498032667556bf162a434519a1c6e28.1000x1000x1.png,"{'unreviewed_annotations': 0, 'hot': False, 'pageviews': 72610}",Heresy,Heresy,https://genius.com/Nine-inch-nails-heresy-lyrics,[],"{'api_path': '/artists/12757', 'header_image_url': 'https://images.genius.com/ed15f259e492aee3da23dcc94c6d0675.876x337x1.jpg', 'id': 12757, 'image_url': 'https://images.genius.com/6fc1aeeff6601cf0f247180a57d10e49.1000x1000x1.png', 'is_meme_verified': False, 'is_verified': False, 'name': 'Nine Inch Nails', 'url': 'https://genius.com/artists/Nine-inch-nails'}",0,False,72610.0,/artists/12757,https://images.genius.com/ed15f259e492aee3da23dcc94c6d0675.876x337x1.jpg,12757,https://images.genius.com/6fc1aeeff6601cf0f247180a57d10e49.1000x1000x1.png,False,False,Nine Inch Nails,https://genius.com/artists/Nine-inch-nails,,
16,/songs/154314,Arctic Monkeys,Do I Wanna Know? by Arctic Monkeys,https://images.genius.com/10c638daad7af755c3d5456b9e6fe86a.300x300x1.jpg,https://images.genius.com/10c638daad7af755c3d5456b9e6fe86a.1000x1000x1.jpg,154314,125524,complete,/Arctic-monkeys-do-i-wanna-know-lyrics,863.0,https://genius.com/Arctic-monkeys-do-i-wanna-know-sample,"{'year': 2013, 'month': 6, 'day': 18}","June 18, 2013","Jun. 18, 2013",https://images.genius.com/93caac2a2e7c4aaaea0f348f2a0b4bd7.300x300x1.png,https://images.genius.com/93caac2a2e7c4aaaea0f348f2a0b4bd7.1000x1000x1.png,"{'unreviewed_annotations': 0, 'concurrents': 9, 'hot': False, 'pageviews': 4991995}",Do I Wanna Know?,Do I Wanna Know?,https://genius.com/Arctic-monkeys-do-i-wanna-know-lyrics,[],"{'api_path': '/artists/12297', 'header_image_url': 'https://images.genius.com/df47c19ae203ec0118aaeed563733605.1000x563x1.jpg', 'id': 12297, 'image_url': 'https://images.genius.com/0b26b86ff8a4321548fadc5b194b7a16.1000x1000x1.jpg', 'is_meme_verified': False, 'is_verified': False, 'name': 'Arctic Monkeys', 'url': 'https://genius.com/artists/Arctic-monkeys'}",0,False,4991995.0,/artists/12297,https://images.genius.com/df47c19ae203ec0118aaeed563733605.1000x563x1.jpg,12297,https://images.genius.com/0b26b86ff8a4321548fadc5b194b7a16.1000x1000x1.jpg,False,False,Arctic Monkeys,https://genius.com/artists/Arctic-monkeys,,9.0
15,/songs/93916,Arctic Monkeys,505 by Arctic Monkeys,https://images.genius.com/6318a87a42a5987190930c42936e96b2.300x300x1.jpg,https://images.genius.com/6318a87a42a5987190930c42936e96b2.1000x1000x1.jpg,93916,65245,complete,/Arctic-monkeys-505-lyrics,299.0,https://genius.com/Arctic-monkeys-505-sample,"{'year': 2007, 'month': 4, 'day': 18}","April 18, 2007","Apr. 18, 2007",https://images.genius.com/6318a87a42a5987190930c42936e96b2.300x300x1.jpg,https://images.genius.com/6318a87a42a5987190930c42936e96b2.1000x1000x1.jpg,"{'unreviewed_annotations': 1, 'hot': False, 'pageviews': 2023861}",505,505,https://genius.com/Arctic-monkeys-505-lyrics,[],"{'api_path': '/artists/12297', 'header_image_url': 'https://images.genius.com/df47c19ae203ec0118aaeed563733605.1000x563x1.jpg', 'id': 12297, 'image_url': 'https://images.genius.com/0b26b86ff8a4321548fadc5b194b7a16.1000x1000x1.jpg', 'is_meme_verified': False, 'is_verified': False, 'name': 'Arctic Monkeys', 'url': 'https://genius.com/artists/Arctic-monkeys'}",1,False,2023861.0,/artists/12297,https://images.genius.com/df47c19ae203ec0118aaeed563733605.1000x563x1.jpg,12297,https://images.genius.com/0b26b86ff8a4321548fadc5b194b7a16.1000x1000x1.jpg,False,False,Arctic Monkeys,https://genius.com/artists/Arctic-monkeys,,
21,/songs/88856,Arctic Monkeys,Fluorescent Adolescent by Arctic Monkeys,https://images.genius.com/b9fd5bb1bcb5c9fea822b1048c61fd75.300x300x1.jpg,https://images.genius.com/b9fd5bb1bcb5c9fea822b1048c61fd75.1000x1000x1.jpg,88856,137393,complete,/Arctic-monkeys-fluorescent-adolescent-lyrics,150.0,https://genius.com/Arctic-monkeys-fluorescent-adolescent-sample,"{'year': 2007, 'month': 7, 'day': 4}","July 4, 2007","Jul. 4, 2007",https://images.genius.com/b4cc659273a75e6172be0a0e99bf2b14.300x300x1.jpg,https://images.genius.com/b4cc659273a75e6172be0a0e99bf2b14.600x600x1.jpg,"{'unreviewed_annotations': 11, 'concurrents': 2, 'hot': False, 'pageviews': 1708405}",Fluorescent Adolescent,Fluorescent Adolescent,https://genius.com/Arctic-monkeys-fluorescent-adolescent-lyrics,[],"{'api_path': '/artists/12297', 'header_image_url': 'https://images.genius.com/df47c19ae203ec0118aaeed563733605.1000x563x1.jpg', 'id': 12297, 'image_url': 'https://images.genius.com/0b26b86ff8a4321548fadc5b194b7a16.1000x1000x1.jpg', 'is_meme_verified': False, 'is_verified': False, 'name': 'Arctic Monkeys', 'url': 'https://genius.com/artists/Arctic-monkeys'}",11,False,1708405.0,/artists/12297,https://images.genius.com/df47c19ae203ec0118aaeed563733605.1000x563x1.jpg,12297,https://images.genius.com/0b26b86ff8a4321548fadc5b194b7a16.1000x1000x1.jpg,False,False,Arctic Monkeys,https://genius.com/artists/Arctic-monkeys,,2.0
10,/songs/213161,Arctic Monkeys,I Wanna Be Yours by Arctic Monkeys,https://images.genius.com/af4ac59ba9e3e8b0fe70d7c1156ff8f2.300x300x1.jpg,https://images.genius.com/af4ac59ba9e3e8b0fe70d7c1156ff8f2.1000x1000x1.jpg,213161,278025,complete,/Arctic-monkeys-i-wanna-be-yours-lyrics,223.0,https://genius.com/Arctic-monkeys-i-wanna-be-yours-sample,"{'year': 2013, 'month': 9, 'day': 6}","September 6, 2013","Sep. 6, 2013",https://images.genius.com/af4ac59ba9e3e8b0fe70d7c1156ff8f2.300x300x1.jpg,https://images.genius.com/af4ac59ba9e3e8b0fe70d7c1156ff8f2.1000x1000x1.jpg,"{'unreviewed_annotations': 0, 'hot': False, 'pageviews': 1205020}",I Wanna Be Yours,I Wanna Be Yours,https://genius.com/Arctic-monkeys-i-wanna-be-yours-lyrics,[],"{'api_path': '/artists/12297', 'header_image_url': 'https://images.genius.com/df47c19ae203ec0118aaeed563733605.1000x563x1.jpg', 'id': 12297, 'image_url': 'https://images.genius.com/0b26b86ff8a4321548fadc5b194b7a16.1000x1000x1.jpg', 'is_meme_verified': False, 'is_verified': False, 'name': 'Arctic Monkeys', 'url': 'https://genius.com/artists/Arctic-monkeys'}",0,False,1205020.0,/artists/12297,https://images.genius.com/df47c19ae203ec0118aaeed563733605.1000x563x1.jpg,12297,https://images.genius.com/0b26b86ff8a4321548fadc5b194b7a16.1000x1000x1.jpg,False,False,Arctic Monkeys,https://genius.com/artists/Arctic-monkeys,,
17,/songs/75913,Arctic Monkeys,R U Mine? by Arctic Monkeys,https://images.genius.com/10c638daad7af755c3d5456b9e6fe86a.300x300x1.jpg,https://images.genius.com/10c638daad7af755c3d5456b9e6fe86a.1000x1000x1.jpg,75913,70799,complete,/Arctic-monkeys-r-u-mine-lyrics,218.0,https://genius.com/Arctic-monkeys-r-u-mine-sample,"{'year': 2012, 'month': 2, 'day': 27}","February 27, 2012","Feb. 27, 2012",https://images.genius.com/efe371341a9100560c5e6dc23cbeb6c0.300x300x1.jpg,https://images.genius.com/efe371341a9100560c5e6dc23cbeb6c0.1000x1000x1.jpg,"{'unreviewed_annotations': 0, 'hot': False, 'pageviews': 997038}",R U Mine?,R U Mine?,https://genius.com/Arctic-monkeys-r-u-mine-lyrics,[],"{'api_path': '/artists/12297', 'header_image_url': 'https://images.genius.com/df47c19ae203ec0118aaeed563733605.1000x563x1.jpg', 'id': 12297, 'image_url': 'https://images.genius.com/0b26b86ff8a4321548fadc5b194b7a16.1000x1000x1.jpg', 'is_meme_verified': False, 'is_verified': False, 'name': 'Arctic Monkeys', 'url': 'https://genius.com/artists/Arctic-monkeys'}",0,False,997038.0,/artists/12297,https://images.genius.com/df47c19ae203ec0118aaeed563733605.1000x563x1.jpg,12297,https://images.genius.com/0b26b86ff8a4321548fadc5b194b7a16.1000x1000x1.jpg,False,False,Arctic Monkeys,https://genius.com/artists/Arctic-monkeys,,
17,/songs/212611,Arctic Monkeys,Arabella by Arctic Monkeys,https://images.genius.com/af4ac59ba9e3e8b0fe70d7c1156ff8f2.300x300x1.jpg,https://images.genius.com/af4ac59ba9e3e8b0fe70d7c1156ff8f2.1000x1000x1.jpg,212611,7453,complete,/Arctic-monkeys-arabella-lyrics,192.0,https://genius.com/Arctic-monkeys-arabella-sample,"{'year': 2013, 'month': 9, 'day': 6}","September 6, 2013","Sep. 6, 2013",https://images.genius.com/af4ac59ba9e3e8b0fe70d7c1156ff8f2.300x300x1.jpg,https://images.genius.com/af4ac59ba9e3e8b0fe70d7c1156ff8f2.1000x1000x1.jpg,"{'unreviewed_annotations': 0, 'hot': False, 'pageviews': 947590}",Arabella,Arabella,https://genius.com/Arctic-monkeys-arabella-lyrics,[],"{'api_path': '/artists/12297', 'header_image_url': 'https://images.genius.com/df47c19ae203ec0118aaeed563733605.1000x563x1.jpg', 'id': 12297, 'image_url': 'https://images.genius.com/0b26b86ff8a4321548fadc5b194b7a16.1000x1000x1.jpg', 'is_meme_verified': False, 'is_verified': False, 'name': 'Arctic Monkeys', 'url': 'https://genius.com/artists/Arctic-monkeys'}",0,False,947590.0,/artists/12297,https://images.genius.com/df47c19ae203ec0118aaeed563733605.1000x563x1.jpg,12297,https://images.genius.com/0b26b86ff8a4321548fadc5b194b7a16.1000x1000x1.jpg,False,False,Arctic Monkeys,https://genius.com/artists/Arctic-monkeys,,
13,/songs/197412,Arctic Monkeys,Why’d You Only Call Me When You’re High? by Arctic Monkeys,https://images.genius.com/10c638daad7af755c3d5456b9e6fe86a.300x300x1.jpg,https://images.genius.com/10c638daad7af755c3d5456b9e6fe86a.1000x1000x1.jpg,197412,7453,complete,/Arctic-monkeys-whyd-you-only-call-me-when-youre-high-lyrics,227.0,https://genius.com/Arctic-monkeys-whyd-you-only-call-me-when-youre-high-sample,"{'year': 2013, 'month': 8, 'day': 11}","August 11, 2013","Aug. 11, 2013",https://images.genius.com/9b3c845c0e00880b16885194f5fa8154.300x300x1.jpg,https://images.genius.com/9b3c845c0e00880b16885194f5fa8154.1000x1000x1.jpg,"{'unreviewed_annotations': 0, 'hot': False, 'pageviews': 946434}",Why’d You Only Call Me When You’re High?,Why’d You Only Call Me When You’re High?,https://genius.com/Arctic-monkeys-whyd-you-only-call-me-when-youre-high-lyrics,[],"{'api_path': '/artists/12297', 'header_image_url': 'https://images.genius.com/df47c19ae203ec0118aaeed563733605.1000x563x1.jpg', 'id': 12297, 'image_url': 'https://images.genius.com/0b26b86ff8a4321548fadc5b194b7a16.1000x1000x1.jpg', 'is_meme_verified': False, 'is_verified': False, 'name': 'Arctic Monkeys', 'url': 'https://genius.com/artists/Arctic-monkeys'}",0,False,946434.0,/artists/12297,https://images.genius.com/df47c19ae203ec0118aaeed563733605.1000x563x1.jpg,12297,https://images.genius.com/0b26b86ff8a4321548fadc5b194b7a16.1000x1000x1.jpg,False,False,Arctic Monkeys,https://genius.com/artists/Arctic-monkeys,,
21,/songs/213246,Arctic Monkeys,Knee Socks by Arctic Monkeys,https://images.genius.com/af4ac59ba9e3e8b0fe70d7c1156ff8f2.300x300x1.jpg,https://images.genius.com/af4ac59ba9e3e8b0fe70d7c1156ff8f2.1000x1000x1.jpg,213246,150910,complete,/Arctic-monkeys-knee-socks-lyrics,144.0,https://genius.com/Arctic-monkeys-knee-socks-sample,"{'year': 2013, 'month': 9, 'day': 6}","September 6, 2013","Sep. 6, 2013",https://images.genius.com/af4ac59ba9e3e8b0fe70d7c1156ff8f2.300x300x1.jpg,https://images.genius.com/af4ac59ba9e3e8b0fe70d7c1156ff8f2.1000x1000x1.jpg,"{'unreviewed_annotations': 0, 'hot': False, 'pageviews': 727474}",Knee Socks,Knee Socks,https://genius.com/Arctic-monkeys-knee-socks-lyrics,[],"{'api_path': '/artists/12297', 'header_image_url': 'https://images.genius.com/df47c19ae203ec0118aaeed563733605.1000x563x1.jpg', 'id': 12297, 'image_url': 'https://images.genius.com/0b26b86ff8a4321548fadc5b194b7a16.1000x1000x1.jpg', 'is_meme_verified': False, 'is_verified': False, 'name': 'Arctic Monkeys', 'url': 'https://genius.com/artists/Arctic-monkeys'}",0,False,727474.0,/artists/12297,https://images.genius.com/df47c19ae203ec0118aaeed563733605.1000x563x1.jpg,12297,https://images.genius.com/0b26b86ff8a4321548fadc5b194b7a16.1000x1000x1.jpg,False,False,Arctic Monkeys,https://genius.com/artists/Arctic-monkeys,,
22,/songs/213211,Arctic Monkeys,No. 1 Party Anthem by Arctic Monkeys,https://images.genius.com/af4ac59ba9e3e8b0fe70d7c1156ff8f2.300x300x1.jpg,https://images.genius.com/af4ac59ba9e3e8b0fe70d7c1156ff8f2.1000x1000x1.jpg,213211,278125,complete,/Arctic-monkeys-no-1-party-anthem-lyrics,112.0,https://genius.com/Arctic-monkeys-no-1-party-anthem-sample,"{'year': 2013, 'month': 9, 'day': 6}","September 6, 2013","Sep. 6, 2013",https://images.genius.com/af4ac59ba9e3e8b0fe70d7c1156ff8f2.300x300x1.jpg,https://images.genius.com/af4ac59ba9e3e8b0fe70d7c1156ff8f2.1000x1000x1.jpg,"{'unreviewed_annotations': 0, 'concurrents': 2, 'hot': False, 'pageviews': 637337}",No. 1 Party Anthem,No. 1 Party Anthem,https://genius.com/Arctic-monkeys-no-1-party-anthem-lyrics,[],"{'api_path': '/artists/12297', 'header_image_url': 'https://images.genius.com/df47c19ae203ec0118aaeed563733605.1000x563x1.jpg', 'id': 12297, 'image_url': 'https://images.genius.com/0b26b86ff8a4321548fadc5b194b7a16.1000x1000x1.jpg', 'is_meme_verified': False, 'is_verified': False, 'name': 'Arctic Monkeys', 'url': 'https://genius.com/artists/Arctic-monkeys'}",0,False,637337.0,/artists/12297,https://images.genius.com/df47c19ae203ec0118aaeed563733605.1000x563x1.jpg,12297,https://images.genius.com/0b26b86ff8a4321548fadc5b194b7a16.1000x1000x1.jpg,False,False,Arctic Monkeys,https://genius.com/artists/Arctic-monkeys,,2.0
25,/songs/3629328,Arctic Monkeys,Four Out of Five by Arctic Monkeys,https://images.genius.com/6e01196919087a8b92c9964de3d255f2.300x299x1.png,https://images.genius.com/6e01196919087a8b92c9964de3d255f2.300x299x1.png,3629328,1427758,complete,/Arctic-monkeys-four-out-of-five-lyrics,82.0,https://genius.com/Arctic-monkeys-four-out-of-five-sample,"{'year': 2018, 'month': 5, 'day': 11}","May 11, 2018","May. 11, 2018",https://images.genius.com/6e01196919087a8b92c9964de3d255f2.300x299x1.png,https://images.genius.com/6e01196919087a8b92c9964de3d255f2.300x299x1.png,"{'unreviewed_annotations': 4, 'hot': False, 'pageviews': 598563}",Four Out of Five,Four Out of Five,https://genius.com/Arctic-monkeys-four-out-of-five-lyrics,[],"{'api_path': '/artists/12297', 'header_image_url': 'https://images.genius.com/df47c19ae203ec0118aaeed563733605.1000x563x1.jpg', 'id': 12297, 'image_url': 'https://images.genius.com/0b26b86ff8a4321548fadc5b194b7a16.1000x1000x1.jpg', 'is_meme_verified': False, 'is_verified': False, 'name': 'Arctic Monkeys', 'url': 'https://genius.com/artists/Arctic-monkeys'}",4,False,598563.0,/artists/12297,https://images.genius.com/df47c19ae203ec0118aaeed563733605.1000x563x1.jpg,12297,https://images.genius.com/0b26b86ff8a4321548fadc5b194b7a16.1000x1000x1.jpg,False,False,Arctic Monkeys,https://genius.com/artists/Arctic-monkeys,,
0,/songs/9925311,ARJIT SINGH,Tum Hi Ho by ARJIT SINGH,https://assets.genius.com/images/default_cover_image.png?1707847067,https://assets.genius.com/images/default_cover_image.png?1707847067,9925311,21415251,complete,/Arjit-singh-tum-hi-ho-lyrics,,https://genius.com/Arjit-singh-tum-hi-ho-sample,,,,https://assets.genius.com/images/default_cover_image.png?1707847067,https://assets.genius.com/images/default_cover_image.png?1707847067,"{'unreviewed_annotations': 0, 'hot': False}",Tum Hi Ho,Tum Hi Ho,https://genius.com/Arjit-singh-tum-hi-ho-lyrics,[],"{'api_path': '/artists/2511265', 'header_image_url': 'https://assets.genius.com/images/default_avatar_300.png?1707847067', 'id': 2511265, 'image_url': 'https://assets.genius.com/images/default_avatar_300.png?1707847067', 'is_meme_verified': False, 'is_verified': False, 'name': 'ARJIT SINGH', 'url': 'https://genius.com/artists/Arjit-singh'}",0,False,,/artists/2511265,https://assets.genius.com/images/default_avatar_300.png?1707847067,2511265,https://assets.genius.com/images/default_avatar_300.png?1707847067,False,False,ARJIT SINGH,https://genius.com/artists/Arjit-singh,,
0,/songs/9106454,ARJIT SINGH,Bandeya by ARJIT SINGH,https://assets.genius.com/images/default_cover_image.png?1707847067,https://assets.genius.com/images/default_cover_image.png?1707847067,9106454,20789860,complete,/Arjit-singh-bandeya-lyrics,,https://genius.com/Arjit-singh-bandeya-sample,,,,https://assets.genius.com/images/default_cover_image.png?1707847067,https://assets.genius.com/images/default_cover_image.png?1707847067,"{'unreviewed_annotations': 0, 'hot': False}",Bandeya,Bandeya,https://genius.com/Arjit-singh-bandeya-lyrics,[],"{'api_path': '/artists/2511265', 'header_image_url': 'https://assets.genius.com/images/default_avatar_300.png?1707847067', 'id': 2511265, 'image_url': 'https://assets.genius.com/images/default_avatar_300.png?1707847067', 'is_meme_verified': False, 'is_verified': False, 'name': 'ARJIT SINGH', 'url': 'https://genius.com/artists/Arjit-singh'}",0,False,,/artists/2511265,https://assets.genius.com/images/default_avatar_300.png?1707847067,2511265,https://assets.genius.com/images/default_avatar_300.png?1707847067,False,False,ARJIT SINGH,https://genius.com/artists/Arjit-singh,,
0,/songs/7720169,ARJIT SINGH (Ft. Pooja Hegde & Prabhas),Aashiqui Aa Gayi by ARJIT SINGH (Ft. Pooja Hegde & Prabhas),https://assets.genius.com/images/default_cover_image.png?1707847067,https://assets.genius.com/images/default_cover_image.png?1707847067,7720169,15984241,complete,/Arjit-singh-aashiqui-aa-gayi-lyrics,,https://genius.com/Arjit-singh-aashiqui-aa-gayi-sample,"{'year': 2021, 'month': 11, 'day': 30}","November 30, 2021","Nov. 30, 2021",https://assets.genius.com/images/default_cover_image.png?1707847067,https://assets.genius.com/images/default_cover_image.png?1707847067,"{'unreviewed_annotations': 0, 'hot': False}",Aashiqui Aa Gayi,Aashiqui Aa Gayi (Ft. Pooja Hegde & Prabhas),https://genius.com/Arjit-singh-aashiqui-aa-gayi-lyrics,"[{'api_path': '/artists/2748927', 'header_image_url': 'https://images.genius.com/e72a05f3372cfe7291d9635b215e65d9.620x735x1.jpg', 'id': 2748927, 'image_url': 'https://images.genius.com/dcc69aac0c3c691ddda37453d38381eb.572x572x1.jpg', 'is_meme_verified': False, 'is_verified': False, 'name': 'Pooja Hegde', 'url': 'https://genius.com/artists/Pooja-hegde'}, {'api_path': '/artists/1296258', 'header_image_url': 'https://images.genius.com/4353a294eac72d3f2afbd4d33fc70114.667x1000x1.jpg', 'id': 1296258, 'image_url': 'https://images.genius.com/196ba5d006b498c226834706ff9bb14e.800x800x1.jpg', 'is_meme_verified': False, 'is_verified': False, 'name': 'Prabhas', 'url': 'https://genius.com/artists/Prabhas'}]","{'api_path': '/artists/2511265', 'header_image_url': 'https://assets.genius.com/images/default_avatar_300.png?1707847067', 'id': 2511265, 'image_url': 'https://assets.genius.com/images/default_avatar_300.png?1707847067', 'is_meme_verified': False, 'is_verified': False, 'name': 'ARJIT SINGH', 'url': 'https://genius.com/artists/Arjit-singh'}",0,False,,/artists/2511265,https://assets.genius.com/images/default_avatar_300.png?1707847067,2511265,https://assets.genius.com/images/default_avatar_300.png?1707847067,False,False,ARJIT SINGH,https://genius.com/artists/Arjit-singh,,
0,/songs/6252937,ARJIT SINGH (Ft. Arijit Singh),KHAIRIYAT by ARJIT SINGH (Ft. Arijit Singh),https://assets.genius.com/images/default_cover_image.png?1707847067,https://assets.genius.com/images/default_cover_image.png?1707847067,6252937,12420511,complete,/Arjit-singh-khairiyat-annotated,,https://genius.com/Arjit-singh-khairiyat-sample,"{'year': 2019, 'month': 9, 'day': 26}","September 26, 2019","Sep. 26, 2019",https://assets.genius.com/images/default_cover_image.png?1707847067,https://assets.genius.com/images/default_cover_image.png?1707847067,"{'unreviewed_annotations': 0, 'hot': False}",KHAIRIYAT,KHAIRIYAT (Ft. Arijit Singh),https://genius.com/Arjit-singh-khairiyat-annotated,"[{'api_path': '/artists/205744', 'header_image_url': 'https://images.genius.com/069c1e2bfeb8c91a45e1fd3c4d4ae1e3.1000x625x1.jpg', 'id': 205744, 'image_url': 'https://images.genius.com/e0da914ce245052a17695204889d2524.380x380x1.jpg', 'is_meme_verified': False, 'is_verified': False, 'name': 'Arijit Singh', 'url': 'https://genius.com/artists/Arijit-singh'}]","{'api_path': '/artists/2511265', 'header_image_url': 'https://assets.genius.com/images/default_avatar_300.png?1707847067', 'id': 2511265, 'image_url': 'https://assets.genius.com/images/default_avatar_300.png?1707847067', 'is_meme_verified': False, 'is_verified': False, 'name': 'ARJIT SINGH', 'url': 'https://genius.com/artists/Arjit-singh'}",0,False,,/artists/2511265,https://assets.genius.com/images/default_avatar_300.png?1707847067,2511265,https://assets.genius.com/images/default_avatar_300.png?1707847067,False,False,ARJIT SINGH,https://genius.com/artists/Arjit-singh,,
0,/songs/10044778,ARJIT SINGH (Ft. T-Series),TUM HE HO by ARJIT SINGH (Ft. T-Series),https://assets.genius.com/images/default_cover_image.png?1707847067,https://assets.genius.com/images/default_cover_image.png?1707847067,10044778,21557945,complete,/Arjit-singh-tum-he-ho-lyrics,,https://genius.com/Arjit-singh-tum-he-ho-sample,"{'year': 2013, 'month': 4, 'day': 6}","April 6, 2013","Apr. 6, 2013",https://assets.genius.com/images/default_cover_image.png?1707847067,https://assets.genius.com/images/default_cover_image.png?1707847067,"{'unreviewed_annotations': 0, 'hot': False}",TUM HE HO,TUM HE HO (Ft. T-Series),https://genius.com/Arjit-singh-tum-he-ho-lyrics,"[{'api_path': '/artists/154197', 'header_image_url': 'https://images.genius.com/35759a3c105006ea598bf879469027b6.1000x563x1.jpg', 'id': 154197, 'image_url': 'https://images.genius.com/9e0956eba1f64b9ccf742bb0a54313c9.1000x1000x1.jpg', 'is_meme_verified': False, 'is_verified': False, 'name': 'T-Series', 'url': 'https://genius.com/artists/T-series'}]","{'api_path': '/artists/2511265', 'header_image_url': 'https://assets.genius.com/images/default_avatar_300.png?1707847067', 'id': 2511265, 'image_url': 'https://assets.genius.com/images/default_avatar_300.png?1707847067', 'is_meme_verified': False, 'is_verified': False, 'name': 'ARJIT SINGH', 'url': 'https://genius.com/artists/Arjit-singh'}",0,False,,/artists/2511265,https://assets.genius.com/images/default_avatar_300.png?1707847067,2511265,https://assets.genius.com/images/default_avatar_300.png?1707847067,False,False,ARJIT SINGH,https://genius.com/artists/Arjit-singh,,
1,/songs/8713041,TheHills79,2023 TheHills79 Listening Log by TheHills79,https://images.genius.com/5de8373cd26b4c119669ff0601cd1f51.300x300x1.png,https://images.genius.com/5de8373cd26b4c119669ff0601cd1f51.1000x1000x1.png,8713041,4001617,complete,/Thehills79-2023-thehills79-listening-log-annotated,,https://genius.com/Thehills79-2023-thehills79-listening-log-sample,"{'year': 2023, 'month': 1, 'day': 1}","January 1, 2023","Jan. 1, 2023",https://images.genius.com/5de8373cd26b4c119669ff0601cd1f51.300x300x1.png,https://images.genius.com/5de8373cd26b4c119669ff0601cd1f51.1000x1000x1.png,"{'unreviewed_annotations': 0, 'hot': False}",2023 TheHills79 Listening Log,2023 TheHills79 Listening Log,https://genius.com/Thehills79-2023-thehills79-listening-log-annotated,[],"{'api_path': '/artists/1108110', 'header_image_url': 'https://images.genius.com/62e642e29c353394e8562b4b6e2b344e.564x513x1.jpg', 'id': 1108110, 'image_url': 'https://images.genius.com/5e3bdea6c8a00c238d77c42da88c69bb.500x500x1.jpg', 'is_meme_verified': False, 'is_verified': False, 'name': 'TheHills79', 'url': 'https://genius.com/artists/Thehills79'}",0,False,,/artists/1108110,https://images.genius.com/62e642e29c353394e8562b4b6e2b344e.564x513x1.jpg,1108110,https://images.genius.com/5e3bdea6c8a00c238d77c42da88c69bb.500x500x1.jpg,False,False,TheHills79,https://genius.com/artists/Thehills79,,
1,/songs/9863591,TheHills79,2024 TheHills79 Listening Log by TheHills79,https://images.genius.com/e268df69df71aef94161989e4a8c8a0a.300x191x1.jpg,https://images.genius.com/e268df69df71aef94161989e4a8c8a0a.1000x635x1.jpg,9863591,4001617,complete,/Thehills79-2024-thehills79-listening-log-annotated,,https://genius.com/Thehills79-2024-thehills79-listening-log-sample,"{'year': 2024, 'month': 1, 'day': 1}","January 1, 2024","Jan. 1, 2024",https://images.genius.com/e268df69df71aef94161989e4a8c8a0a.300x191x1.jpg,https://images.genius.com/e268df69df71aef94161989e4a8c8a0a.1000x635x1.jpg,"{'unreviewed_annotations': 1, 'hot': False}",2024 TheHills79 Listening Log,2024 TheHills79 Listening Log,https://genius.com/Thehills79-2024-thehills79-listening-log-annotated,[],"{'api_path': '/artists/1108110', 'header_image_url': 'https://images.genius.com/62e642e29c353394e8562b4b6e2b344e.564x513x1.jpg', 'id': 1108110, 'image_url': 'https://images.genius.com/5e3bdea6c8a00c238d77c42da88c69bb.500x500x1.jpg', 'is_meme_verified': False, 'is_verified': False, 'name': 'TheHills79', 'url': 'https://genius.com/artists/Thehills79'}",1,False,,/artists/1108110,https://images.genius.com/62e642e29c353394e8562b4b6e2b344e.564x513x1.jpg,1108110,https://images.genius.com/5e3bdea6c8a00c238d77c42da88c69bb.500x500x1.jpg,False,False,TheHills79,https://genius.com/artists/Thehills79,,
1,/songs/2335306,MoskoShake - The Half Black Nigga,Barhe Baap Ki Bigri Aulaad by MoskoShake - The Half Black Nigga,https://assets.genius.com/images/default_cover_image.png?1707847067,https://assets.genius.com/images/default_cover_image.png?1707847067,2335306,2383308,complete,/Moskoshake-the-half-black-nigga-barhe-baap-ki-bigri-aulaad-lyrics,,https://genius.com/Moskoshake-the-half-black-nigga-barhe-baap-ki-bigri-aulaad-sample,,,,https://assets.genius.com/images/default_cover_image.png?1707847067,https://assets.genius.com/images/default_cover_image.png?1707847067,"{'unreviewed_annotations': 0, 'hot': False}",Barhe Baap Ki Bigri Aulaad,Barhe Baap Ki Bigri Aulaad,https://genius.com/Moskoshake-the-half-black-nigga-barhe-baap-ki-bigri-aulaad-lyrics,[],"{'api_path': '/artists/581552', 'header_image_url': 'https://assets.genius.com/images/default_avatar_300.png?1707847067', 'id': 581552, 'image_url': 'https://assets.genius.com/images/default_avatar_300.png?1707847067', 'is_meme_verified': False, 'is_verified': False, 'name': 'MoskoShake - The Half Black Nigga', 'url': 'https://genius.com/artists/Moskoshake-the-half-black-nigga'}",0,False,,/artists/581552,https://assets.genius.com/images/default_avatar_300.png?1707847067,581552,https://assets.genius.com/images/default_avatar_300.png?1707847067,False,False,MoskoShake - The Half Black Nigga,https://genius.com/artists/Moskoshake-the-half-black-nigga,,
1,/songs/6521747,Genius Romanizations,Arijit Singh & Alka Yagnik - Agar Tum Saath Ho (Romanized) by Genius Romanizations,https://images.genius.com/779293ad8796113fb790e7c1b3818e64.300x300x1.png,https://images.genius.com/779293ad8796113fb790e7c1b3818e64.1000x1000x1.png,6521747,7315462,complete,/Genius-romanizations-arijit-singh-and-alka-yagnik-agar-tum-saath-ho-romanized-lyrics,2.0,https://genius.com/Genius-romanizations-arijit-singh-and-alka-yagnik-agar-tum-saath-ho-romanized-sample,"{'year': 2015, 'month': 10, 'day': 19}","October 19, 2015","Oct. 19, 2015",https://images.genius.com/779293ad8796113fb790e7c1b3818e64.300x300x1.png,https://images.genius.com/779293ad8796113fb790e7c1b3818e64.1000x1000x1.png,"{'unreviewed_annotations': 1, 'hot': False, 'pageviews': 751392}",Arijit Singh & Alka Yagnik - Agar Tum Saath Ho (Romanized),Arijit Singh & Alka Yagnik - Agar Tum Saath Ho (Romanized),https://genius.com/Genius-romanizations-arijit-singh-and-alka-yagnik-agar-tum-saath-ho-romanized-lyrics,[],"{'api_path': '/artists/1507735', 'header_image_url': 'https://images.genius.com/e5afba664f84f0cadba65e3231dd57c7.1000x495x1.png', 'id': 1507735, 'image_url': 'https://images.genius.com/086f5809e96b133dd536982629e5844b.1000x1000x1.png', 'is_meme_verified': False, 'is_verified': False, 'name': 'Genius Romanizations', 'url': 'https://genius.com/artists/Genius-romanizations'}",1,False,751392.0,/artists/1507735,https://images.genius.com/e5afba664f84f0cadba65e3231dd57c7.1000x495x1.png,1507735,https://images.genius.com/086f5809e96b133dd536982629e5844b.1000x1000x1.png,False,False,Genius Romanizations,https://genius.com/artists/Genius-romanizations,,
4,/songs/2124260,Genius Romanizations,Arijit Singh - Tum Hi Ho (Romanized) by Genius Romanizations,https://images.genius.com/d7a02693d69d1c65e4b47de07989900a.300x300x1.jpg,https://images.genius.com/d7a02693d69d1c65e4b47de07989900a.1000x1000x1.jpg,2124260,9563107,complete,/Genius-romanizations-arijit-singh-tum-hi-ho-romanized-lyrics,3.0,https://genius.com/Genius-romanizations-arijit-singh-tum-hi-ho-romanized-sample,"{'year': 2013, 'month': 3, 'day': 16}","March 16, 2013","Mar. 16, 2013",https://images.genius.com/d7a02693d69d1c65e4b47de07989900a.300x300x1.jpg,https://images.genius.com/d7a02693d69d1c65e4b47de07989900a.1000x1000x1.jpg,"{'unreviewed_annotations': 4, 'hot': False, 'pageviews': 439469}",Arijit Singh - Tum Hi Ho (Romanized),Arijit Singh - Tum Hi Ho (Romanized),https://genius.com/Genius-romanizations-arijit-singh-tum-hi-ho-romanized-lyrics,[],"{'api_path': '/artists/1507735', 'header_image_url': 'https://images.genius.com/e5afba664f84f0cadba65e3231dd57c7.1000x495x1.png', 'id': 1507735, 'image_url': 'https://images.genius.com/086f5809e96b133dd536982629e5844b.1000x1000x1.png', 'is_meme_verified': False, 'is_verified': False, 'name': 'Genius Romanizations', 'url': 'https://genius.com/artists/Genius-romanizations'}",4,False,439469.0,/artists/1507735,https://images.genius.com/e5afba664f84f0cadba65e3231dd57c7.1000x495x1.png,1507735,https://images.genius.com/086f5809e96b133dd536982629e5844b.1000x1000x1.png,False,False,Genius Romanizations,https://genius.com/artists/Genius-romanizations,,
112,/songs/235729,Eminem,Rap God by Eminem,https://images.genius.com/058e2359838c93395c36119b48a2eff6.300x300x1.png,https://images.genius.com/058e2359838c93395c36119b48a2eff6.1000x1000x1.png,235729,22533,complete,/Eminem-rap-god-lyrics,6758.0,https://genius.com/Eminem-rap-god-sample,"{'year': 2013, 'month': 10, 'day': 14}","October 14, 2013","Oct. 14, 2013",https://images.genius.com/058e2359838c93395c36119b48a2eff6.300x300x1.png,https://images.genius.com/058e2359838c93395c36119b48a2eff6.1000x1000x1.png,"{'unreviewed_annotations': 1, 'concurrents': 3, 'hot': False, 'pageviews': 18969507}",Rap God,Rap God,https://genius.com/Eminem-rap-god-lyrics,[],"{'api_path': '/artists/45', 'header_image_url': 'https://images.genius.com/7879bf220b8614a7fe4617006f132a92.1000x391x1.png', 'id': 45, 'image_url': 'https://images.genius.com/37f958ab28031af87d13b5d224749878.533x533x1.jpg', 'is_meme_verified': True, 'is_verified': True, 'name': 'Eminem', 'url': 'https://genius.com/artists/Eminem', 'iq': 266465}",1,False,18969507.0,/artists/45,https://images.genius.com/7879bf220b8614a7fe4617006f132a92.1000x391x1.png,45,https://images.genius.com/37f958ab28031af87d13b5d224749878.533x533x1.jpg,True,True,Eminem,https://genius.com/artists/Eminem,266465.0,3.0
38,/songs/207,Eminem,Lose Yourself by Eminem,https://images.genius.com/3d2eced2857919f7a8e66dd264d67c53.300x155x1.png,https://images.genius.com/3d2eced2857919f7a8e66dd264d67c53.1000x516x1.png,207,8,complete,/Eminem-lose-yourself-lyrics,1542.0,https://genius.com/Eminem-lose-yourself-sample,"{'year': 2002, 'month': 10, 'day': 28}","October 28, 2002","Oct. 28, 2002",https://images.genius.com/ce61c1b2664c5952984e30f9b59f1346.300x300x1.png,https://images.genius.com/ce61c1b2664c5952984e30f9b59f1346.1000x1000x1.png,"{'unreviewed_annotations': 4, 'concurrents': 31, 'hot': False, 'pageviews': 10231297}",Lose Yourself,Lose Yourself,https://genius.com/Eminem-lose-yourself-lyrics,[],"{'api_path': '/artists/45', 'header_image_url': 'https://images.genius.com/7879bf220b8614a7fe4617006f132a92.1000x391x1.png', 'id': 45, 'image_url': 'https://images.genius.com/37f958ab28031af87d13b5d224749878.533x533x1.jpg', 'is_meme_verified': True, 'is_verified': True, 'name': 'Eminem', 'url': 'https://genius.com/artists/Eminem', 'iq': 266465}",4,False,10231297.0,/artists/45,https://images.genius.com/7879bf220b8614a7fe4617006f132a92.1000x391x1.png,45,https://images.genius.com/37f958ab28031af87d13b5d224749878.533x533x1.jpg,True,True,Eminem,https://genius.com/artists/Eminem,266465.0,31.0
59,/songs/3958196,Eminem,Killshot by Eminem,https://images.genius.com/b1da996dcb2acb56506b8e02612e8561.300x300x1.png,https://images.genius.com/b1da996dcb2acb56506b8e02612e8561.1000x1000x1.png,3958196,104344,complete,/Eminem-killshot-lyrics,1818.0,https://genius.com/Eminem-killshot-sample,"{'year': 2018, 'month': 9, 'day': 14}","September 14, 2018","Sep. 14, 2018",https://images.genius.com/b1da996dcb2acb56506b8e02612e8561.300x300x1.png,https://images.genius.com/b1da996dcb2acb56506b8e02612e8561.1000x1000x1.png,"{'unreviewed_annotations': 0, 'hot': False, 'pageviews': 7227315}",Killshot,Killshot,https://genius.com/Eminem-killshot-lyrics,[],"{'api_path': '/artists/45', 'header_image_url': 'https://images.genius.com/7879bf220b8614a7fe4617006f132a92.1000x391x1.png', 'id': 45, 'image_url': 'https://images.genius.com/37f958ab28031af87d13b5d224749878.533x533x1.jpg', 'is_meme_verified': True, 'is_verified': True, 'name': 'Eminem', 'url': 'https://genius.com/artists/Eminem', 'iq': 266465}",0,False,7227315.0,/artists/45,https://images.genius.com/7879bf220b8614a7fe4617006f132a92.1000x391x1.png,45,https://images.genius.com/37f958ab28031af87d13b5d224749878.533x533x1.jpg,True,True,Eminem,https://genius.com/artists/Eminem,266465.0,
45,/songs/5180439,Eminem (Ft. Juice WRLD),Godzilla by Eminem (Ft. Juice WRLD),https://images.genius.com/828acd1e1136e2e79248620d4ff2be4d.300x300x1.png,https://images.genius.com/828acd1e1136e2e79248620d4ff2be4d.600x600x1.png,5180439,8117646,complete,/Eminem-godzilla-lyrics,1248.0,https://genius.com/Eminem-godzilla-sample,"{'year': 2020, 'month': 1, 'day': 17}","January 17, 2020","Jan. 17, 2020",https://images.genius.com/828acd1e1136e2e79248620d4ff2be4d.300x300x1.png,https://images.genius.com/828acd1e1136e2e79248620d4ff2be4d.600x600x1.png,"{'unreviewed_annotations': 4, 'concurrents': 7, 'hot': False, 'pageviews': 6792846}",Godzilla,Godzilla (Ft. Juice WRLD),https://genius.com/Eminem-godzilla-lyrics,"[{'api_path': '/artists/1237094', 'header_image_url': 'https://images.genius.com/87c55e8a5b91902ea6686d98b5b3bb3d.1000x563x1.png', 'id': 1237094, 'image_url': 'https://images.genius.com/42b0e9b115b685c8dd7e7f32e3f1ce9c.999x999x1.jpg', 'is_meme_verified': True, 'is_verified': True, 'name': 'Juice WRLD', 'url': 'https://genius.com/artists/Juice-wrld', 'iq': 16820}]","{'api_path': '/artists/45', 'header_image_url': 'https://images.genius.com/7879bf220b8614a7fe4617006f132a92.1000x391x1.png', 'id': 45, 'image_url': 'https://images.genius.com/37f958ab28031af87d13b5d224749878.533x533x1.jpg', 'is_meme_verified': True, 'is_verified': True, 'name': 'Eminem', 'url': 'https://genius.com/artists/Eminem', 'iq': 266465}",4,False,6792846.0,/artists/45,https://images.genius.com/7879bf220b8614a7fe4617006f132a92.1000x391x1.png,45,https://images.genius.com/37f958ab28031af87d13b5d224749878.533x533x1.jpg,True,True,Eminem,https://genius.com/artists/Eminem,266465.0,7.0
48,/songs/811,Eminem,Without Me by Eminem,https://images.genius.com/3ab979343099b21ed1537b08d934fc3b.300x169x1.jpg,https://images.genius.com/3ab979343099b21ed1537b08d934fc3b.1000x563x1.jpg,811,3,complete,/Eminem-without-me-lyrics,444.0,https://genius.com/Eminem-without-me-sample,"{'year': 2002, 'month': 5, 'day': 14}","May 14, 2002","May. 14, 2002",https://images.genius.com/d97224e10b88dcd05ed18b87366461c8.300x300x1.jpg,https://images.genius.com/d97224e10b88dcd05ed18b87366461c8.600x600x1.jpg,"{'unreviewed_annotations': 1, 'concurrents': 17, 'hot': False, 'pageviews': 6056050}",Without Me,Without Me,https://genius.com/Eminem-without-me-lyrics,[],"{'api_path': '/artists/45', 'header_image_url': 'https://images.genius.com/7879bf220b8614a7fe4617006f132a92.1000x391x1.png', 'id': 45, 'image_url': 'https://images.genius.com/37f958ab28031af87d13b5d224749878.533x533x1.jpg', 'is_meme_verified': True, 'is_verified': True, 'name': 'Eminem', 'url': 'https://genius.com/artists/Eminem', 'iq': 266465}",1,False,6056050.0,/artists/45,https://images.genius.com/7879bf220b8614a7fe4617006f132a92.1000x391x1.png,45,https://images.genius.com/37f958ab28031af87d13b5d224749878.533x533x1.jpg,True,True,Eminem,https://genius.com/artists/Eminem,266465.0,17.0
49,/songs/531,Eminem,The Real Slim Shady by Eminem,https://images.genius.com/04a1e57936ccd18351bb6c40c4be2cd6.300x176x1.jpg,https://images.genius.com/04a1e57936ccd18351bb6c40c4be2cd6.650x382x1.jpg,531,16,complete,/Eminem-the-real-slim-shady-lyrics,435.0,https://genius.com/Eminem-the-real-slim-shady-sample,"{'year': 2000, 'month': 4, 'day': 18}","April 18, 2000","Apr. 18, 2000",https://images.genius.com/18d65c99cffe8073c7ae92592ed2d2e2.300x256x1.jpg,https://images.genius.com/18d65c99cffe8073c7ae92592ed2d2e2.600x511x1.jpg,"{'unreviewed_annotations': 2, 'concurrents': 20, 'hot': False, 'pageviews': 5981482}",The Real Slim Shady,The Real Slim Shady,https://genius.com/Eminem-the-real-slim-shady-lyrics,[],"{'api_path': '/artists/45', 'header_image_url': 'https://images.genius.com/7879bf220b8614a7fe4617006f132a92.1000x391x1.png', 'id': 45, 'image_url': 'https://images.genius.com/37f958ab28031af87d13b5d224749878.533x533x1.jpg', 'is_meme_verified': True, 'is_verified': True, 'name': 'Eminem', 'url': 'https://genius.com/artists/Eminem', 'iq': 266465}",2,False,5981482.0,/artists/45,https://images.genius.com/7879bf220b8614a7fe4617006f132a92.1000x391x1.png,45,https://images.genius.com/37f958ab28031af87d13b5d224749878.533x533x1.jpg,True,True,Eminem,https://genius.com/artists/Eminem,266465.0,20.0
43,/songs/772,Eminem (Ft. Dido),Stan by Eminem (Ft. Dido),https://images.genius.com/d4144df8656805edbed2dac3a7524368.300x300x1.png,https://images.genius.com/d4144df8656805edbed2dac3a7524368.1000x1000x1.png,772,7,complete,/Eminem-stan-lyrics,664.0,https://genius.com/Eminem-stan-sample,"{'year': 2000, 'month': 5, 'day': 23}","May 23, 2000","May. 23, 2000",https://images.genius.com/d4144df8656805edbed2dac3a7524368.300x300x1.png,https://images.genius.com/d4144df8656805edbed2dac3a7524368.1000x1000x1.png,"{'unreviewed_annotations': 3, 'concurrents': 19, 'hot': False, 'pageviews': 5399350}",Stan,Stan (Ft. Dido),https://genius.com/Eminem-stan-lyrics,"[{'api_path': '/artists/435', 'header_image_url': 'https://images.genius.com/8419734118741c3e75cddc3874df9b18.820x312x1.png', 'id': 435, 'image_url': 'https://images.genius.com/9b0f91697b4c7c62536ffa8ea4fe7c18.899x899x1.jpg', 'is_meme_verified': False, 'is_verified': False, 'name': 'Dido', 'url': 'https://genius.com/artists/Dido'}]","{'api_path': '/artists/45', 'header_image_url': 'https://images.genius.com/7879bf220b8614a7fe4617006f132a92.1000x391x1.png', 'id': 45, 'image_url': 'https://images.genius.com/37f958ab28031af87d13b5d224749878.533x533x1.jpg', 'is_meme_verified': True, 'is_verified': True, 'name': 'Eminem', 'url': 'https://genius.com/artists/Eminem', 'iq': 266465}",3,False,5399350.0,/artists/45,https://images.genius.com/7879bf220b8614a7fe4617006f132a92.1000x391x1.png,45,https://images.genius.com/37f958ab28031af87d13b5d224749878.533x533x1.jpg,True,True,Eminem,https://genius.com/artists/Eminem,266465.0,19.0
43,/songs/235732,Eminem (Ft. Rihanna),The Monster by Eminem (Ft. Rihanna),https://images.genius.com/c39d2786ebe37931172ace30bbb6ff35.300x300x1.jpg,https://images.genius.com/c39d2786ebe37931172ace30bbb6ff35.1000x1000x1.jpg,235732,22533,complete,/Eminem-the-monster-lyrics,909.0,https://genius.com/Eminem-the-monster-sample,"{'year': 2013, 'month': 10, 'day': 29}","October 29, 2013","Oct. 29, 2013",https://images.genius.com/f8e3befb0dfae2eaa6833b4374f1b372.300x300x1.png,https://images.genius.com/f8e3befb0dfae2eaa6833b4374f1b372.1000x1000x1.png,"{'unreviewed_annotations': 0, 'concurrents': 2, 'hot': False, 'pageviews': 4926630}",The Monster,The Monster (Ft. Rihanna),https://genius.com/Eminem-the-monster-lyrics,"[{'api_path': '/artists/89', 'header_image_url': 'https://images.genius.com/7fbc0f95ca9d7d24853328749c8affd1.1000x333x1.jpg', 'id': 89, 'image_url': 'https://images.genius.com/171508341b8ce58320f1c6434fa78de8.399x399x1.jpg', 'is_meme_verified': True, 'is_verified': True, 'name': 'Rihanna', 'url': 'https://genius.com/artists/Rihanna', 'iq': 2288}]","{'api_path': '/artists/45', 'header_image_url': 'https://images.genius.com/7879bf220b8614a7fe4617006f132a92.1000x391x1.png', 'id': 45, 'image_url': 'https://images.genius.com/37f958ab28031af87d13b5d224749878.533x533x1.jpg', 'is_meme_verified': True, 'is_verified': True, 'name': 'Eminem', 'url': 'https://genius.com/artists/Eminem', 'iq': 266465}",0,False,4926630.0,/artists/45,https://images.genius.com/7879bf220b8614a7fe4617006f132a92.1000x391x1.png,45,https://images.genius.com/37f958ab28031af87d13b5d224749878.533x533x1.jpg,True,True,Eminem,https://genius.com/artists/Eminem,266465.0,2.0
37,/songs/3930558,Eminem (Ft. Joyner Lucas),Lucky You by Eminem (Ft. Joyner Lucas),https://images.genius.com/6fb52a228455fec20efa7bcac8121897.300x300x1.png,https://images.genius.com/6fb52a228455fec20efa7bcac8121897.1000x1000x1.png,3930558,3499957,complete,/Eminem-lucky-you-lyrics,808.0,https://genius.com/Eminem-lucky-you-sample,"{'year': 2018, 'month': 8, 'day': 31}","August 31, 2018","Aug. 31, 2018",https://images.genius.com/6fb52a228455fec20efa7bcac8121897.300x300x1.png,https://images.genius.com/6fb52a228455fec20efa7bcac8121897.1000x1000x1.png,"{'unreviewed_annotations': 0, 'hot': False, 'pageviews': 4772882}",Lucky You,Lucky You (Ft. Joyner Lucas),https://genius.com/Eminem-lucky-you-lyrics,"[{'api_path': '/artists/345077', 'header_image_url': 'https://images.genius.com/e4a1f4f393a6f2895ef728dd3bbc6cb3.1000x855x1.jpg', 'id': 345077, 'image_url': 'https://images.genius.com/709c3e76b7791f24941d74381b696243.800x800x1.jpg', 'is_meme_verified': False, 'is_verified': True, 'name': 'Joyner Lucas', 'url': 'https://genius.com/artists/Joyner-lucas', 'iq': 6595}]","{'api_path': '/artists/45', 'header_image_url': 'https://images.genius.com/7879bf220b8614a7fe4617006f132a92.1000x391x1.png', 'id': 45, 'image_url': 'https://images.genius.com/37f958ab28031af87d13b5d224749878.533x533x1.jpg', 'is_meme_verified': True, 'is_verified': True, 'name': 'Eminem', 'url': 'https://genius.com/artists/Eminem', 'iq': 266465}",0,False,4772882.0,/artists/45,https://images.genius.com/7879bf220b8614a7fe4617006f132a92.1000x391x1.png,45,https://images.genius.com/37f958ab28031af87d13b5d224749878.533x533x1.jpg,True,True,Eminem,https://genius.com/artists/Eminem,266465.0,
24,/songs/1797,Eminem,Mockingbird by Eminem,https://images.genius.com/136fe8e8e84dcb33fa8c2a2164021944.300x300x1.jpg,https://images.genius.com/136fe8e8e84dcb33fa8c2a2164021944.1000x1000x1.jpg,1797,778,complete,/Eminem-mockingbird-lyrics,409.0,https://genius.com/Eminem-mockingbird-sample,"{'year': 2004, 'month': 11, 'day': 12}","November 12, 2004","Nov. 12, 2004",https://images.genius.com/481d2a614d302cd50d06082bea096266.300x300x1.png,https://images.genius.com/481d2a614d302cd50d06082bea096266.1000x1000x1.png,"{'unreviewed_annotations': 4, 'concurrents': 19, 'hot': False, 'pageviews': 4766782}",Mockingbird,Mockingbird,https://genius.com/Eminem-mockingbird-lyrics,[],"{'api_path': '/artists/45', 'header_image_url': 'https://images.genius.com/7879bf220b8614a7fe4617006f132a92.1000x391x1.png', 'id': 45, 'image_url': 'https://images.genius.com/37f958ab28031af87d13b5d224749878.533x533x1.jpg', 'is_meme_verified': True, 'is_verified': True, 'name': 'Eminem', 'url': 'https://genius.com/artists/Eminem', 'iq': 266465}",4,False,4766782.0,/artists/45,https://images.genius.com/7879bf220b8614a7fe4617006f132a92.1000x391x1.png,45,https://images.genius.com/37f958ab28031af87d13b5d224749878.533x533x1.jpg,True,True,Eminem,https://genius.com/artists/Eminem,266465.0,19.0
